IS_SEGMENTED, SEGMENT_SIZE,INDEX_SIZE,DOCUMENT_COUNT,GENERAL_SEARCH_TERM,GENERAL_SEARCH_TIME,SPECIFIC_SEARCH_TERM,SPECIFIC_SEARCH_TIME, WITH_HIGHLIGHT, FRAGMENT_SIZE, HIGHLIGHT_TIME
False,,163.9mb,487,prefeitura,3,,,,,,
False,,163.9mb,487,prefeitura,4,,,,,,
False,,163.9mb,487,prefeitura,2,,,,,,
False,,163.9mb,487,prefeitura,3,,,,,,
False,,163.9mb,487,prefeitura,3,,,,,,
False,,163.9mb,487,prefeitura,3,,,,,,
False,,163.9mb,487,prefeitura,3,,,,,,
False,,163.9mb,487,prefeitura,3,,,,,,
False,,163.9mb,487,prefeitura,3,,,,,,
False,,163.9mb,487,prefeitura,3,,,,,,
False,,163.9mb,487,prefeitura,3,,,,,,
False,,163.9mb,487,prefeitura,3,,,,,,
False,,163.9mb,487,prefeitura,3,,,,,,
False,,163.9mb,487,prefeitura,3,,,,,,
False,,163.9mb,487,prefeitura,3,,,,,,
False,,163.9mb,487,prefeitura,3,,,,,,
False,,163.9mb,487,prefeitura,3,,,,,,
False,,163.9mb,487,prefeitura,3,,,,,,
False,,163.9mb,487,prefeitura,2,,,,,,
False,,163.9mb,487,prefeitura,3,,,,,,
False,,163.9mb,487,prefeitura,3,,,,,,
False,,163.9mb,487,prefeitura,3,,,,,,
False,,163.9mb,487,prefeitura,3,,,,,,
False,,163.9mb,487,prefeitura,3,,,,,,
False,,163.9mb,487,prefeitura,2,,,,,,
False,,163.9mb,487,prefeitura,3,,,,,,
False,,163.9mb,487,prefeitura,3,,,,,,
False,,163.9mb,487,prefeitura,3,,,,,,
False,,163.9mb,487,prefeitura,3,,,,,,
False,,163.9mb,487,prefeitura,3,,,,,,
False,,163.9mb,487,prefeitura,3,,,,,,
False,,163.9mb,487,prefeitura,3,,,,,,
False,,163.9mb,487,prefeitura,4,,,,,,
False,,163.9mb,487,prefeitura,3,,,,,,
False,,163.9mb,487,prefeitura,3,,,,,,
False,,163.9mb,487,prefeitura,3,,,,,,
False,,163.9mb,487,prefeitura,3,,,,,,
False,,163.9mb,487,prefeitura,3,,,,,,
False,,163.9mb,487,prefeitura,3,,,,,,
False,,163.9mb,487,prefeitura,3,,,,,,
False,,163.9mb,487,prefeitura,3,,,,,,
False,,163.9mb,487,prefeitura,3,,,,,,
False,,163.9mb,487,prefeitura,3,,,,,,
False,,163.9mb,487,prefeitura,3,,,,,,
False,,163.9mb,487,prefeitura,4,,,,,,
False,,163.9mb,487,prefeitura,3,,,,,,
False,,163.9mb,487,prefeitura,3,,,,,,
False,,163.9mb,487,prefeitura,3,,,,,,
False,,163.9mb,487,prefeitura,3,,,,,,
False,,163.9mb,487,prefeitura,3,,,,,,
False,,163.9mb,487,prefeitura,3,,,,,,
False,,163.9mb,487,prefeitura,3,,,,,,
False,,163.9mb,487,prefeitura,3,,,,,,
False,,163.9mb,487,prefeitura,3,,,,,,
False,,163.9mb,487,prefeitura,3,,,,,,
False,,163.9mb,487,prefeitura,3,,,,,,
False,,163.9mb,487,prefeitura,3,,,,,,
False,,163.9mb,487,prefeitura,4,,,,,,
False,,163.9mb,487,prefeitura,3,,,,,,
False,,163.9mb,487,prefeitura,3,,,,,,
False,,163.9mb,487,prefeitura,3,,,,,,
False,,163.9mb,487,prefeitura,3,,,,,,
False,,163.9mb,487,prefeitura,3,,,,,,
False,,163.9mb,487,prefeitura,3,,,,,,
False,,163.9mb,487,prefeitura,3,,,,,,
False,,163.9mb,487,prefeitura,3,,,,,,
False,,163.9mb,487,prefeitura,3,,,,,,
False,,163.9mb,487,prefeitura,3,,,,,,
False,,163.9mb,487,prefeitura,3,,,,,,
False,,163.9mb,487,prefeitura,3,,,,,,
False,,163.9mb,487,prefeitura,3,,,,,,
False,,163.9mb,487,prefeitura,3,,,,,,
False,,163.9mb,487,prefeitura,3,,,,,,
False,,163.9mb,487,prefeitura,3,,,,,,
False,,163.9mb,487,prefeitura,3,,,,,,
False,,163.9mb,487,prefeitura,3,,,,,,
False,,163.9mb,487,prefeitura,3,,,,,,
False,,163.9mb,487,prefeitura,3,,,,,,
False,,163.9mb,487,prefeitura,3,,,,,,
False,,163.9mb,487,prefeitura,3,,,,,,
False,,163.9mb,487,prefeitura,3,,,,,,
False,,163.9mb,487,prefeitura,3,,,,,,
False,,163.9mb,487,prefeitura,3,,,,,,
False,,163.9mb,487,prefeitura,3,,,,,,
False,,163.9mb,487,prefeitura,3,,,,,,
False,,163.9mb,487,prefeitura,3,,,,,,
False,,163.9mb,487,prefeitura,3,,,,,,
False,,163.9mb,487,prefeitura,3,,,,,,
False,,163.9mb,487,prefeitura,3,,,,,,
False,,163.9mb,487,prefeitura,3,,,,,,
False,,163.9mb,487,prefeitura,3,,,,,,
False,,163.9mb,487,prefeitura,3,,,,,,
False,,163.9mb,487,prefeitura,3,,,,,,
False,,163.9mb,487,prefeitura,3,,,,,,
False,,163.9mb,487,prefeitura,2,,,,,,
False,,163.9mb,487,prefeitura,17,,,,,,
False,,163.9mb,487,prefeitura,3,,,,,,
False,,163.9mb,487,prefeitura,7,,,,,,
False,,163.9mb,487,prefeitura,3,,,,,,
False,,163.9mb,487,prefeitura,3,,,,,,
False,,163.9mb,487,diário,2,,,,,,
False,,163.9mb,487,diário,2,,,,,,
False,,163.9mb,487,diário,3,,,,,,
False,,163.9mb,487,diário,3,,,,,,
False,,163.9mb,487,diário,4,,,,,,
False,,163.9mb,487,diário,3,,,,,,
False,,163.9mb,487,diário,3,,,,,,
False,,163.9mb,487,diário,3,,,,,,
False,,163.9mb,487,diário,2,,,,,,
False,,163.9mb,487,diário,3,,,,,,
False,,163.9mb,487,diário,3,,,,,,
False,,163.9mb,487,diário,3,,,,,,
False,,163.9mb,487,diário,3,,,,,,
False,,163.9mb,487,diário,3,,,,,,
False,,163.9mb,487,diário,2,,,,,,
False,,163.9mb,487,diário,3,,,,,,
False,,163.9mb,487,diário,2,,,,,,
False,,163.9mb,487,diário,3,,,,,,
False,,163.9mb,487,diário,3,,,,,,
False,,163.9mb,487,diário,3,,,,,,
False,,163.9mb,487,diário,4,,,,,,
False,,163.9mb,487,diário,4,,,,,,
False,,163.9mb,487,diário,4,,,,,,
False,,163.9mb,487,diário,3,,,,,,
False,,163.9mb,487,diário,4,,,,,,
False,,163.9mb,487,diário,3,,,,,,
False,,163.9mb,487,diário,3,,,,,,
False,,163.9mb,487,diário,3,,,,,,
False,,163.9mb,487,diário,3,,,,,,
False,,163.9mb,487,diário,3,,,,,,
False,,163.9mb,487,diário,3,,,,,,
False,,163.9mb,487,diário,4,,,,,,
False,,163.9mb,487,diário,3,,,,,,
False,,163.9mb,487,diário,3,,,,,,
False,,163.9mb,487,diário,3,,,,,,
False,,163.9mb,487,diário,3,,,,,,
False,,163.9mb,487,diário,3,,,,,,
False,,163.9mb,487,diário,4,,,,,,
False,,163.9mb,487,diário,3,,,,,,
False,,163.9mb,487,diário,4,,,,,,
False,,163.9mb,487,diário,3,,,,,,
False,,163.9mb,487,diário,3,,,,,,
False,,163.9mb,487,diário,2,,,,,,
False,,163.9mb,487,diário,3,,,,,,
False,,163.9mb,487,diário,3,,,,,,
False,,163.9mb,487,diário,3,,,,,,
False,,163.9mb,487,diário,3,,,,,,
False,,163.9mb,487,diário,3,,,,,,
False,,163.9mb,487,diário,2,,,,,,
False,,163.9mb,487,diário,2,,,,,,
False,,163.9mb,487,diário,3,,,,,,
False,,163.9mb,487,diário,3,,,,,,
False,,163.9mb,487,diário,3,,,,,,
False,,163.9mb,487,diário,3,,,,,,
False,,163.9mb,487,diário,4,,,,,,
False,,163.9mb,487,diário,3,,,,,,
False,,163.9mb,487,diário,3,,,,,,
False,,163.9mb,487,diário,3,,,,,,
False,,163.9mb,487,diário,4,,,,,,
False,,163.9mb,487,diário,4,,,,,,
False,,163.9mb,487,diário,3,,,,,,
False,,163.9mb,487,diário,3,,,,,,
False,,163.9mb,487,diário,3,,,,,,
False,,163.9mb,487,diário,2,,,,,,
False,,163.9mb,487,diário,2,,,,,,
False,,163.9mb,487,diário,3,,,,,,
False,,163.9mb,487,diário,3,,,,,,
False,,163.9mb,487,diário,4,,,,,,
False,,163.9mb,487,diário,3,,,,,,
False,,163.9mb,487,diário,3,,,,,,
False,,163.9mb,487,diário,3,,,,,,
False,,163.9mb,487,diário,3,,,,,,
False,,163.9mb,487,diário,3,,,,,,
False,,163.9mb,487,diário,3,,,,,,
False,,163.9mb,487,diário,3,,,,,,
False,,163.9mb,487,diário,2,,,,,,
False,,163.9mb,487,diário,3,,,,,,
False,,163.9mb,487,diário,3,,,,,,
False,,163.9mb,487,diário,3,,,,,,
False,,163.9mb,487,diário,4,,,,,,
False,,163.9mb,487,diário,3,,,,,,
False,,163.9mb,487,diário,4,,,,,,
False,,163.9mb,487,diário,7,,,,,,
False,,163.9mb,487,diário,3,,,,,,
False,,163.9mb,487,diário,3,,,,,,
False,,163.9mb,487,diário,3,,,,,,
False,,163.9mb,487,diário,3,,,,,,
False,,163.9mb,487,diário,3,,,,,,
False,,163.9mb,487,diário,3,,,,,,
False,,163.9mb,487,diário,3,,,,,,
False,,163.9mb,487,diário,3,,,,,,
False,,163.9mb,487,diário,2,,,,,,
False,,163.9mb,487,diário,3,,,,,,
False,,163.9mb,487,diário,3,,,,,,
False,,163.9mb,487,diário,3,,,,,,
False,,163.9mb,487,diário,3,,,,,,
False,,163.9mb,487,diário,3,,,,,,
False,,163.9mb,487,diário,2,,,,,,
False,,163.9mb,487,diário,3,,,,,,
False,,163.9mb,487,diário,3,,,,,,
False,,163.9mb,487,lei,5,,,,,,
False,,163.9mb,487,lei,5,,,,,,
False,,163.9mb,487,lei,5,,,,,,
False,,163.9mb,487,lei,4,,,,,,
False,,163.9mb,487,lei,4,,,,,,
False,,163.9mb,487,lei,5,,,,,,
False,,163.9mb,487,lei,4,,,,,,
False,,163.9mb,487,lei,4,,,,,,
False,,163.9mb,487,lei,5,,,,,,
False,,163.9mb,487,lei,4,,,,,,
False,,163.9mb,487,lei,5,,,,,,
False,,163.9mb,487,lei,5,,,,,,
False,,163.9mb,487,lei,5,,,,,,
False,,163.9mb,487,lei,5,,,,,,
False,,163.9mb,487,lei,4,,,,,,
False,,163.9mb,487,lei,5,,,,,,
False,,163.9mb,487,lei,4,,,,,,
False,,163.9mb,487,lei,4,,,,,,
False,,163.9mb,487,lei,4,,,,,,
False,,163.9mb,487,lei,5,,,,,,
False,,163.9mb,487,lei,4,,,,,,
False,,163.9mb,487,lei,4,,,,,,
False,,163.9mb,487,lei,4,,,,,,
False,,163.9mb,487,lei,5,,,,,,
False,,163.9mb,487,lei,4,,,,,,
False,,163.9mb,487,lei,5,,,,,,
False,,163.9mb,487,lei,4,,,,,,
False,,163.9mb,487,lei,4,,,,,,
False,,163.9mb,487,lei,5,,,,,,
False,,163.9mb,487,lei,5,,,,,,
False,,163.9mb,487,lei,5,,,,,,
False,,163.9mb,487,lei,4,,,,,,
False,,163.9mb,487,lei,5,,,,,,
False,,163.9mb,487,lei,4,,,,,,
False,,163.9mb,487,lei,6,,,,,,
False,,163.9mb,487,lei,4,,,,,,
False,,163.9mb,487,lei,4,,,,,,
False,,163.9mb,487,lei,8,,,,,,
False,,163.9mb,487,lei,4,,,,,,
False,,163.9mb,487,lei,4,,,,,,
False,,163.9mb,487,lei,4,,,,,,
False,,163.9mb,487,lei,5,,,,,,
False,,163.9mb,487,lei,5,,,,,,
False,,163.9mb,487,lei,6,,,,,,
False,,163.9mb,487,lei,5,,,,,,
False,,163.9mb,487,lei,5,,,,,,
False,,163.9mb,487,lei,4,,,,,,
False,,163.9mb,487,lei,5,,,,,,
False,,163.9mb,487,lei,4,,,,,,
False,,163.9mb,487,lei,4,,,,,,
False,,163.9mb,487,lei,4,,,,,,
False,,163.9mb,487,lei,4,,,,,,
False,,163.9mb,487,lei,4,,,,,,
False,,163.9mb,487,lei,11,,,,,,
False,,163.9mb,487,lei,6,,,,,,
False,,163.9mb,487,lei,5,,,,,,
False,,163.9mb,487,lei,4,,,,,,
False,,163.9mb,487,lei,4,,,,,,
False,,163.9mb,487,lei,4,,,,,,
False,,163.9mb,487,lei,5,,,,,,
False,,163.9mb,487,lei,4,,,,,,
False,,163.9mb,487,lei,5,,,,,,
False,,163.9mb,487,lei,4,,,,,,
False,,163.9mb,487,lei,4,,,,,,
False,,163.9mb,487,lei,4,,,,,,
False,,163.9mb,487,lei,6,,,,,,
False,,163.9mb,487,lei,5,,,,,,
False,,163.9mb,487,lei,5,,,,,,
False,,163.9mb,487,lei,5,,,,,,
False,,163.9mb,487,lei,6,,,,,,
False,,163.9mb,487,lei,5,,,,,,
False,,163.9mb,487,lei,4,,,,,,
False,,163.9mb,487,lei,6,,,,,,
False,,163.9mb,487,lei,4,,,,,,
False,,163.9mb,487,lei,5,,,,,,
False,,163.9mb,487,lei,4,,,,,,
False,,163.9mb,487,lei,5,,,,,,
False,,163.9mb,487,lei,5,,,,,,
False,,163.9mb,487,lei,4,,,,,,
False,,163.9mb,487,lei,4,,,,,,
False,,163.9mb,487,lei,6,,,,,,
False,,163.9mb,487,lei,5,,,,,,
False,,163.9mb,487,lei,6,,,,,,
False,,163.9mb,487,lei,6,,,,,,
False,,163.9mb,487,lei,5,,,,,,
False,,163.9mb,487,lei,4,,,,,,
False,,163.9mb,487,lei,4,,,,,,
False,,163.9mb,487,lei,4,,,,,,
False,,163.9mb,487,lei,5,,,,,,
False,,163.9mb,487,lei,4,,,,,,
False,,163.9mb,487,lei,4,,,,,,
False,,163.9mb,487,lei,5,,,,,,
False,,163.9mb,487,lei,5,,,,,,
False,,163.9mb,487,lei,4,,,,,,
False,,163.9mb,487,lei,4,,,,,,
False,,163.9mb,487,lei,5,,,,,,
False,,163.9mb,487,lei,4,,,,,,
False,,163.9mb,487,lei,5,,,,,,
False,,163.9mb,487,lei,4,,,,,,
False,,163.9mb,487,lei,5,,,,,,
False,,163.9mb,487,termo,7,,,,,,
False,,163.9mb,487,termo,9,,,,,,
False,,163.9mb,487,termo,7,,,,,,
False,,163.9mb,487,termo,6,,,,,,
False,,163.9mb,487,termo,7,,,,,,
False,,163.9mb,487,termo,7,,,,,,
False,,163.9mb,487,termo,6,,,,,,
False,,163.9mb,487,termo,7,,,,,,
False,,163.9mb,487,termo,6,,,,,,
False,,163.9mb,487,termo,7,,,,,,
False,,163.9mb,487,termo,6,,,,,,
False,,163.9mb,487,termo,7,,,,,,
False,,163.9mb,487,termo,8,,,,,,
False,,163.9mb,487,termo,7,,,,,,
False,,163.9mb,487,termo,6,,,,,,
False,,163.9mb,487,termo,7,,,,,,
False,,163.9mb,487,termo,7,,,,,,
False,,163.9mb,487,termo,7,,,,,,
False,,163.9mb,487,termo,8,,,,,,
False,,163.9mb,487,termo,7,,,,,,
False,,163.9mb,487,termo,7,,,,,,
False,,163.9mb,487,termo,7,,,,,,
False,,163.9mb,487,termo,6,,,,,,
False,,163.9mb,487,termo,7,,,,,,
False,,163.9mb,487,termo,14,,,,,,
False,,163.9mb,487,termo,8,,,,,,
False,,163.9mb,487,termo,7,,,,,,
False,,163.9mb,487,termo,7,,,,,,
False,,163.9mb,487,termo,8,,,,,,
False,,163.9mb,487,termo,7,,,,,,
False,,163.9mb,487,termo,7,,,,,,
False,,163.9mb,487,termo,7,,,,,,
False,,163.9mb,487,termo,7,,,,,,
False,,163.9mb,487,termo,7,,,,,,
False,,163.9mb,487,termo,6,,,,,,
False,,163.9mb,487,termo,6,,,,,,
False,,163.9mb,487,termo,7,,,,,,
False,,163.9mb,487,termo,7,,,,,,
False,,163.9mb,487,termo,8,,,,,,
False,,163.9mb,487,termo,7,,,,,,
False,,163.9mb,487,termo,6,,,,,,
False,,163.9mb,487,termo,6,,,,,,
False,,163.9mb,487,termo,7,,,,,,
False,,163.9mb,487,termo,8,,,,,,
False,,163.9mb,487,termo,6,,,,,,
False,,163.9mb,487,termo,8,,,,,,
False,,163.9mb,487,termo,8,,,,,,
False,,163.9mb,487,termo,7,,,,,,
False,,163.9mb,487,termo,11,,,,,,
False,,163.9mb,487,termo,8,,,,,,
False,,163.9mb,487,termo,7,,,,,,
False,,163.9mb,487,termo,8,,,,,,
False,,163.9mb,487,termo,7,,,,,,
False,,163.9mb,487,termo,7,,,,,,
False,,163.9mb,487,termo,6,,,,,,
False,,163.9mb,487,termo,7,,,,,,
False,,163.9mb,487,termo,7,,,,,,
False,,163.9mb,487,termo,7,,,,,,
False,,163.9mb,487,termo,19,,,,,,
False,,163.9mb,487,termo,7,,,,,,
False,,163.9mb,487,termo,7,,,,,,
False,,163.9mb,487,termo,7,,,,,,
False,,163.9mb,487,termo,7,,,,,,
False,,163.9mb,487,termo,7,,,,,,
False,,163.9mb,487,termo,7,,,,,,
False,,163.9mb,487,termo,7,,,,,,
False,,163.9mb,487,termo,8,,,,,,
False,,163.9mb,487,termo,7,,,,,,
False,,163.9mb,487,termo,7,,,,,,
False,,163.9mb,487,termo,6,,,,,,
False,,163.9mb,487,termo,8,,,,,,
False,,163.9mb,487,termo,6,,,,,,
False,,163.9mb,487,termo,13,,,,,,
False,,163.9mb,487,termo,7,,,,,,
False,,163.9mb,487,termo,6,,,,,,
False,,163.9mb,487,termo,6,,,,,,
False,,163.9mb,487,termo,6,,,,,,
False,,163.9mb,487,termo,7,,,,,,
False,,163.9mb,487,termo,8,,,,,,
False,,163.9mb,487,termo,7,,,,,,
False,,163.9mb,487,termo,7,,,,,,
False,,163.9mb,487,termo,6,,,,,,
False,,163.9mb,487,termo,7,,,,,,
False,,163.9mb,487,termo,6,,,,,,
False,,163.9mb,487,termo,8,,,,,,
False,,163.9mb,487,termo,7,,,,,,
False,,163.9mb,487,termo,7,,,,,,
False,,163.9mb,487,termo,6,,,,,,
False,,163.9mb,487,termo,7,,,,,,
False,,163.9mb,487,termo,7,,,,,,
False,,163.9mb,487,termo,6,,,,,,
False,,163.9mb,487,termo,7,,,,,,
False,,163.9mb,487,termo,6,,,,,,
False,,163.9mb,487,termo,7,,,,,,
False,,163.9mb,487,termo,6,,,,,,
False,,163.9mb,487,termo,6,,,,,,
False,,163.9mb,487,termo,12,,,,,,
False,,163.9mb,487,termo,6,,,,,,
False,,163.9mb,487,termo,6,,,,,,
False,,163.9mb,487,termo,8,,,,,,
False,,163.9mb,487,decreto,3,,,,,,
False,,163.9mb,487,decreto,2,,,,,,
False,,163.9mb,487,decreto,2,,,,,,
False,,163.9mb,487,decreto,3,,,,,,
False,,163.9mb,487,decreto,3,,,,,,
False,,163.9mb,487,decreto,4,,,,,,
False,,163.9mb,487,decreto,3,,,,,,
False,,163.9mb,487,decreto,3,,,,,,
False,,163.9mb,487,decreto,2,,,,,,
False,,163.9mb,487,decreto,3,,,,,,
False,,163.9mb,487,decreto,3,,,,,,
False,,163.9mb,487,decreto,3,,,,,,
False,,163.9mb,487,decreto,3,,,,,,
False,,163.9mb,487,decreto,3,,,,,,
False,,163.9mb,487,decreto,2,,,,,,
False,,163.9mb,487,decreto,3,,,,,,
False,,163.9mb,487,decreto,3,,,,,,
False,,163.9mb,487,decreto,3,,,,,,
False,,163.9mb,487,decreto,3,,,,,,
False,,163.9mb,487,decreto,3,,,,,,
False,,163.9mb,487,decreto,2,,,,,,
False,,163.9mb,487,decreto,3,,,,,,
False,,163.9mb,487,decreto,3,,,,,,
False,,163.9mb,487,decreto,3,,,,,,
False,,163.9mb,487,decreto,3,,,,,,
False,,163.9mb,487,decreto,3,,,,,,
False,,163.9mb,487,decreto,3,,,,,,
False,,163.9mb,487,decreto,3,,,,,,
False,,163.9mb,487,decreto,2,,,,,,
False,,163.9mb,487,decreto,2,,,,,,
False,,163.9mb,487,decreto,3,,,,,,
False,,163.9mb,487,decreto,3,,,,,,
False,,163.9mb,487,decreto,2,,,,,,
False,,163.9mb,487,decreto,3,,,,,,
False,,163.9mb,487,decreto,3,,,,,,
False,,163.9mb,487,decreto,3,,,,,,
False,,163.9mb,487,decreto,2,,,,,,
False,,163.9mb,487,decreto,3,,,,,,
False,,163.9mb,487,decreto,3,,,,,,
False,,163.9mb,487,decreto,3,,,,,,
False,,163.9mb,487,decreto,2,,,,,,
False,,163.9mb,487,decreto,3,,,,,,
False,,163.9mb,487,decreto,3,,,,,,
False,,163.9mb,487,decreto,3,,,,,,
False,,163.9mb,487,decreto,4,,,,,,
False,,163.9mb,487,decreto,3,,,,,,
False,,163.9mb,487,decreto,3,,,,,,
False,,163.9mb,487,decreto,3,,,,,,
False,,163.9mb,487,decreto,3,,,,,,
False,,163.9mb,487,decreto,3,,,,,,
False,,163.9mb,487,decreto,7,,,,,,
False,,163.9mb,487,decreto,3,,,,,,
False,,163.9mb,487,decreto,3,,,,,,
False,,163.9mb,487,decreto,5,,,,,,
False,,163.9mb,487,decreto,3,,,,,,
False,,163.9mb,487,decreto,3,,,,,,
False,,163.9mb,487,decreto,3,,,,,,
False,,163.9mb,487,decreto,3,,,,,,
False,,163.9mb,487,decreto,3,,,,,,
False,,163.9mb,487,decreto,3,,,,,,
False,,163.9mb,487,decreto,3,,,,,,
False,,163.9mb,487,decreto,3,,,,,,
False,,163.9mb,487,decreto,2,,,,,,
False,,163.9mb,487,decreto,3,,,,,,
False,,163.9mb,487,decreto,3,,,,,,
False,,163.9mb,487,decreto,2,,,,,,
False,,163.9mb,487,decreto,4,,,,,,
False,,163.9mb,487,decreto,4,,,,,,
False,,163.9mb,487,decreto,3,,,,,,
False,,163.9mb,487,decreto,2,,,,,,
False,,163.9mb,487,decreto,3,,,,,,
False,,163.9mb,487,decreto,3,,,,,,
False,,163.9mb,487,decreto,3,,,,,,
False,,163.9mb,487,decreto,3,,,,,,
False,,163.9mb,487,decreto,2,,,,,,
False,,163.9mb,487,decreto,3,,,,,,
False,,163.9mb,487,decreto,3,,,,,,
False,,163.9mb,487,decreto,3,,,,,,
False,,163.9mb,487,decreto,2,,,,,,
False,,163.9mb,487,decreto,2,,,,,,
False,,163.9mb,487,decreto,3,,,,,,
False,,163.9mb,487,decreto,6,,,,,,
False,,163.9mb,487,decreto,3,,,,,,
False,,163.9mb,487,decreto,3,,,,,,
False,,163.9mb,487,decreto,3,,,,,,
False,,163.9mb,487,decreto,3,,,,,,
False,,163.9mb,487,decreto,3,,,,,,
False,,163.9mb,487,decreto,3,,,,,,
False,,163.9mb,487,decreto,3,,,,,,
False,,163.9mb,487,decreto,3,,,,,,
False,,163.9mb,487,decreto,3,,,,,,
False,,163.9mb,487,decreto,3,,,,,,
False,,163.9mb,487,decreto,2,,,,,,
False,,163.9mb,487,decreto,2,,,,,,
False,,163.9mb,487,decreto,3,,,,,,
False,,163.9mb,487,decreto,3,,,,,,
False,,163.9mb,487,decreto,3,,,,,,
False,,163.9mb,487,decreto,2,,,,,,
False,,163.9mb,487,decreto,3,,,,,,
False,,163.9mb,487,decreto,3,,,,,,
False,,163.9mb,487,,,,,True,prefeitura,500,51
False,,163.9mb,487,,,,,True,prefeitura,500,49
False,,163.9mb,487,,,,,True,prefeitura,500,48
False,,163.9mb,487,,,,,True,prefeitura,500,46
False,,163.9mb,487,,,,,True,prefeitura,500,48
False,,163.9mb,487,,,,,True,prefeitura,500,45
False,,163.9mb,487,,,,,True,prefeitura,500,49
False,,163.9mb,487,,,,,True,prefeitura,500,49
False,,163.9mb,487,,,,,True,prefeitura,500,46
False,,163.9mb,487,,,,,True,prefeitura,500,47
False,,163.9mb,487,,,,,True,prefeitura,500,48
False,,163.9mb,487,,,,,True,prefeitura,500,47
False,,163.9mb,487,,,,,True,prefeitura,500,47
False,,163.9mb,487,,,,,True,prefeitura,500,46
False,,163.9mb,487,,,,,True,prefeitura,500,47
False,,163.9mb,487,,,,,True,prefeitura,500,79
False,,163.9mb,487,,,,,True,prefeitura,500,47
False,,163.9mb,487,,,,,True,prefeitura,500,50
False,,163.9mb,487,,,,,True,prefeitura,500,46
False,,163.9mb,487,,,,,True,prefeitura,500,47
False,,163.9mb,487,,,,,True,prefeitura,500,48
False,,163.9mb,487,,,,,True,prefeitura,500,46
False,,163.9mb,487,,,,,True,prefeitura,500,49
False,,163.9mb,487,,,,,True,prefeitura,500,46
False,,163.9mb,487,,,,,True,prefeitura,500,47
False,,163.9mb,487,,,,,True,prefeitura,500,47
False,,163.9mb,487,,,,,True,prefeitura,500,56
False,,163.9mb,487,,,,,True,prefeitura,500,48
False,,163.9mb,487,,,,,True,prefeitura,500,47
False,,163.9mb,487,,,,,True,prefeitura,500,49
False,,163.9mb,487,,,,,True,prefeitura,500,47
False,,163.9mb,487,,,,,True,prefeitura,500,51
False,,163.9mb,487,,,,,True,prefeitura,500,47
False,,163.9mb,487,,,,,True,prefeitura,500,50
False,,163.9mb,487,,,,,True,prefeitura,500,47
False,,163.9mb,487,,,,,True,prefeitura,500,49
False,,163.9mb,487,,,,,True,prefeitura,500,51
False,,163.9mb,487,,,,,True,prefeitura,500,49
False,,163.9mb,487,,,,,True,prefeitura,500,47
False,,163.9mb,487,,,,,True,prefeitura,500,47
False,,163.9mb,487,,,,,True,prefeitura,500,48
False,,163.9mb,487,,,,,True,prefeitura,500,50
False,,163.9mb,487,,,,,True,prefeitura,500,48
False,,163.9mb,487,,,,,True,prefeitura,500,47
False,,163.9mb,487,,,,,True,prefeitura,500,46
False,,163.9mb,487,,,,,True,prefeitura,500,52
False,,163.9mb,487,,,,,True,prefeitura,500,47
False,,163.9mb,487,,,,,True,prefeitura,500,75
False,,163.9mb,487,,,,,True,prefeitura,500,98
False,,163.9mb,487,,,,,True,prefeitura,500,100
False,,163.9mb,487,,,,,True,prefeitura,500,100
False,,163.9mb,487,,,,,True,prefeitura,500,100
False,,163.9mb,487,,,,,True,prefeitura,500,178
False,,163.9mb,487,,,,,True,prefeitura,500,98
False,,163.9mb,487,,,,,True,prefeitura,500,68
False,,163.9mb,487,,,,,True,prefeitura,500,55
False,,163.9mb,487,,,,,True,prefeitura,500,46
False,,163.9mb,487,,,,,True,prefeitura,500,47
False,,163.9mb,487,,,,,True,prefeitura,500,47
False,,163.9mb,487,,,,,True,prefeitura,500,46
False,,163.9mb,487,,,,,True,prefeitura,500,49
False,,163.9mb,487,,,,,True,prefeitura,500,46
False,,163.9mb,487,,,,,True,prefeitura,500,48
False,,163.9mb,487,,,,,True,prefeitura,500,46
False,,163.9mb,487,,,,,True,prefeitura,500,51
False,,163.9mb,487,,,,,True,prefeitura,500,47
False,,163.9mb,487,,,,,True,prefeitura,500,48
False,,163.9mb,487,,,,,True,prefeitura,500,48
False,,163.9mb,487,,,,,True,prefeitura,500,46
False,,163.9mb,487,,,,,True,prefeitura,500,48
False,,163.9mb,487,,,,,True,prefeitura,500,45
False,,163.9mb,487,,,,,True,prefeitura,500,47
False,,163.9mb,487,,,,,True,prefeitura,500,47
False,,163.9mb,487,,,,,True,prefeitura,500,46
False,,163.9mb,487,,,,,True,prefeitura,500,51
False,,163.9mb,487,,,,,True,prefeitura,500,48
False,,163.9mb,487,,,,,True,prefeitura,500,46
False,,163.9mb,487,,,,,True,prefeitura,500,50
False,,163.9mb,487,,,,,True,prefeitura,500,47
False,,163.9mb,487,,,,,True,prefeitura,500,49
False,,163.9mb,487,,,,,True,prefeitura,500,46
False,,163.9mb,487,,,,,True,prefeitura,500,47
False,,163.9mb,487,,,,,True,prefeitura,500,48
False,,163.9mb,487,,,,,True,prefeitura,500,52
False,,163.9mb,487,,,,,True,prefeitura,500,46
False,,163.9mb,487,,,,,True,prefeitura,500,106
False,,163.9mb,487,,,,,True,prefeitura,500,65
False,,163.9mb,487,,,,,True,prefeitura,500,55
False,,163.9mb,487,,,,,True,prefeitura,500,61
False,,163.9mb,487,,,,,True,prefeitura,500,61
False,,163.9mb,487,,,,,True,prefeitura,500,57
False,,163.9mb,487,,,,,True,prefeitura,500,56
False,,163.9mb,487,,,,,True,prefeitura,500,62
False,,163.9mb,487,,,,,True,prefeitura,500,62
False,,163.9mb,487,,,,,True,prefeitura,500,60
False,,163.9mb,487,,,,,True,prefeitura,500,58
False,,163.9mb,487,,,,,True,prefeitura,500,54
False,,163.9mb,487,,,,,True,prefeitura,500,73
False,,163.9mb,487,,,,,True,prefeitura,500,68
False,,163.9mb,487,,,,,True,prefeitura,500,58
False,,163.9mb,487,,,,,True,prefeitura,1000,129
False,,163.9mb,487,,,,,True,prefeitura,1000,105
False,,163.9mb,487,,,,,True,prefeitura,1000,106
False,,163.9mb,487,,,,,True,prefeitura,1000,108
False,,163.9mb,487,,,,,True,prefeitura,1000,101
False,,163.9mb,487,,,,,True,prefeitura,1000,105
False,,163.9mb,487,,,,,True,prefeitura,1000,98
False,,163.9mb,487,,,,,True,prefeitura,1000,99
False,,163.9mb,487,,,,,True,prefeitura,1000,101
False,,163.9mb,487,,,,,True,prefeitura,1000,96
False,,163.9mb,487,,,,,True,prefeitura,1000,164
False,,163.9mb,487,,,,,True,prefeitura,1000,104
False,,163.9mb,487,,,,,True,prefeitura,1000,103
False,,163.9mb,487,,,,,True,prefeitura,1000,106
False,,163.9mb,487,,,,,True,prefeitura,1000,98
False,,163.9mb,487,,,,,True,prefeitura,1000,96
False,,163.9mb,487,,,,,True,prefeitura,1000,100
False,,163.9mb,487,,,,,True,prefeitura,1000,94
False,,163.9mb,487,,,,,True,prefeitura,1000,94
False,,163.9mb,487,,,,,True,prefeitura,1000,95
False,,163.9mb,487,,,,,True,prefeitura,1000,95
False,,163.9mb,487,,,,,True,prefeitura,1000,94
False,,163.9mb,487,,,,,True,prefeitura,1000,100
False,,163.9mb,487,,,,,True,prefeitura,1000,95
False,,163.9mb,487,,,,,True,prefeitura,1000,93
False,,163.9mb,487,,,,,True,prefeitura,1000,93
False,,163.9mb,487,,,,,True,prefeitura,1000,93
False,,163.9mb,487,,,,,True,prefeitura,1000,93
False,,163.9mb,487,,,,,True,prefeitura,1000,94
False,,163.9mb,487,,,,,True,prefeitura,1000,97
False,,163.9mb,487,,,,,True,prefeitura,1000,95
False,,163.9mb,487,,,,,True,prefeitura,1000,93
False,,163.9mb,487,,,,,True,prefeitura,1000,92
False,,163.9mb,487,,,,,True,prefeitura,1000,93
False,,163.9mb,487,,,,,True,prefeitura,1000,93
False,,163.9mb,487,,,,,True,prefeitura,1000,94
False,,163.9mb,487,,,,,True,prefeitura,1000,95
False,,163.9mb,487,,,,,True,prefeitura,1000,97
False,,163.9mb,487,,,,,True,prefeitura,1000,124
False,,163.9mb,487,,,,,True,prefeitura,1000,97
False,,163.9mb,487,,,,,True,prefeitura,1000,96
False,,163.9mb,487,,,,,True,prefeitura,1000,94
False,,163.9mb,487,,,,,True,prefeitura,1000,98
False,,163.9mb,487,,,,,True,prefeitura,1000,148
False,,163.9mb,487,,,,,True,prefeitura,1000,100
False,,163.9mb,487,,,,,True,prefeitura,1000,98
False,,163.9mb,487,,,,,True,prefeitura,1000,97
False,,163.9mb,487,,,,,True,prefeitura,1000,98
False,,163.9mb,487,,,,,True,prefeitura,1000,96
False,,163.9mb,487,,,,,True,prefeitura,1000,95
False,,163.9mb,487,,,,,True,prefeitura,1000,95
False,,163.9mb,487,,,,,True,prefeitura,1000,98
False,,163.9mb,487,,,,,True,prefeitura,1000,97
False,,163.9mb,487,,,,,True,prefeitura,1000,97
False,,163.9mb,487,,,,,True,prefeitura,1000,93
False,,163.9mb,487,,,,,True,prefeitura,1000,102
False,,163.9mb,487,,,,,True,prefeitura,1000,94
False,,163.9mb,487,,,,,True,prefeitura,1000,95
False,,163.9mb,487,,,,,True,prefeitura,1000,92
False,,163.9mb,487,,,,,True,prefeitura,1000,101
False,,163.9mb,487,,,,,True,prefeitura,1000,95
False,,163.9mb,487,,,,,True,prefeitura,1000,93
False,,163.9mb,487,,,,,True,prefeitura,1000,94
False,,163.9mb,487,,,,,True,prefeitura,1000,95
False,,163.9mb,487,,,,,True,prefeitura,1000,94
False,,163.9mb,487,,,,,True,prefeitura,1000,93
False,,163.9mb,487,,,,,True,prefeitura,1000,94
False,,163.9mb,487,,,,,True,prefeitura,1000,93
False,,163.9mb,487,,,,,True,prefeitura,1000,96
False,,163.9mb,487,,,,,True,prefeitura,1000,95
False,,163.9mb,487,,,,,True,prefeitura,1000,94
False,,163.9mb,487,,,,,True,prefeitura,1000,97
False,,163.9mb,487,,,,,True,prefeitura,1000,94
False,,163.9mb,487,,,,,True,prefeitura,1000,94
False,,163.9mb,487,,,,,True,prefeitura,1000,94
False,,163.9mb,487,,,,,True,prefeitura,1000,93
False,,163.9mb,487,,,,,True,prefeitura,1000,139
False,,163.9mb,487,,,,,True,prefeitura,1000,103
False,,163.9mb,487,,,,,True,prefeitura,1000,100
False,,163.9mb,487,,,,,True,prefeitura,1000,104
False,,163.9mb,487,,,,,True,prefeitura,1000,94
False,,163.9mb,487,,,,,True,prefeitura,1000,99
False,,163.9mb,487,,,,,True,prefeitura,1000,98
False,,163.9mb,487,,,,,True,prefeitura,1000,93
False,,163.9mb,487,,,,,True,prefeitura,1000,95
False,,163.9mb,487,,,,,True,prefeitura,1000,94
False,,163.9mb,487,,,,,True,prefeitura,1000,96
False,,163.9mb,487,,,,,True,prefeitura,1000,114
False,,163.9mb,487,,,,,True,prefeitura,1000,99
False,,163.9mb,487,,,,,True,prefeitura,1000,96
False,,163.9mb,487,,,,,True,prefeitura,1000,95
False,,163.9mb,487,,,,,True,prefeitura,1000,96
False,,163.9mb,487,,,,,True,prefeitura,1000,98
False,,163.9mb,487,,,,,True,prefeitura,1000,96
False,,163.9mb,487,,,,,True,prefeitura,1000,100
False,,163.9mb,487,,,,,True,prefeitura,1000,97
False,,163.9mb,487,,,,,True,prefeitura,1000,95
False,,163.9mb,487,,,,,True,prefeitura,1000,97
False,,163.9mb,487,,,,,True,prefeitura,1000,97
False,,163.9mb,487,,,,,True,prefeitura,1000,95
False,,163.9mb,487,,,,,True,prefeitura,2000,202
False,,163.9mb,487,,,,,True,prefeitura,2000,197
False,,163.9mb,487,,,,,True,prefeitura,2000,200
False,,163.9mb,487,,,,,True,prefeitura,2000,199
False,,163.9mb,487,,,,,True,prefeitura,2000,199
False,,163.9mb,487,,,,,True,prefeitura,2000,201
False,,163.9mb,487,,,,,True,prefeitura,2000,300
False,,163.9mb,487,,,,,True,prefeitura,2000,414
False,,163.9mb,487,,,,,True,prefeitura,2000,531
False,,163.9mb,487,,,,,True,prefeitura,2000,424
False,,163.9mb,487,,,,,True,prefeitura,2000,458
False,,163.9mb,487,,,,,True,prefeitura,2000,196
False,,163.9mb,487,,,,,True,prefeitura,2000,195
False,,163.9mb,487,,,,,True,prefeitura,2000,195
False,,163.9mb,487,,,,,True,prefeitura,2000,193
False,,163.9mb,487,,,,,True,prefeitura,2000,194
False,,163.9mb,487,,,,,True,prefeitura,2000,195
False,,163.9mb,487,,,,,True,prefeitura,2000,194
False,,163.9mb,487,,,,,True,prefeitura,2000,201
False,,163.9mb,487,,,,,True,prefeitura,2000,194
False,,163.9mb,487,,,,,True,prefeitura,2000,211
False,,163.9mb,487,,,,,True,prefeitura,2000,193
False,,163.9mb,487,,,,,True,prefeitura,2000,193
False,,163.9mb,487,,,,,True,prefeitura,2000,225
False,,163.9mb,487,,,,,True,prefeitura,2000,219
False,,163.9mb,487,,,,,True,prefeitura,2000,278
False,,163.9mb,487,,,,,True,prefeitura,2000,435
False,,163.9mb,487,,,,,True,prefeitura,2000,435
False,,163.9mb,487,,,,,True,prefeitura,2000,435
False,,163.9mb,487,,,,,True,prefeitura,2000,414
False,,163.9mb,487,,,,,True,prefeitura,2000,253
False,,163.9mb,487,,,,,True,prefeitura,2000,195
False,,163.9mb,487,,,,,True,prefeitura,2000,196
False,,163.9mb,487,,,,,True,prefeitura,2000,196
False,,163.9mb,487,,,,,True,prefeitura,2000,193
False,,163.9mb,487,,,,,True,prefeitura,2000,196
False,,163.9mb,487,,,,,True,prefeitura,2000,194
False,,163.9mb,487,,,,,True,prefeitura,2000,197
False,,163.9mb,487,,,,,True,prefeitura,2000,207
False,,163.9mb,487,,,,,True,prefeitura,2000,200
False,,163.9mb,487,,,,,True,prefeitura,2000,193
False,,163.9mb,487,,,,,True,prefeitura,2000,194
False,,163.9mb,487,,,,,True,prefeitura,2000,194
False,,163.9mb,487,,,,,True,prefeitura,2000,196
False,,163.9mb,487,,,,,True,prefeitura,2000,238
False,,163.9mb,487,,,,,True,prefeitura,2000,423
False,,163.9mb,487,,,,,True,prefeitura,2000,449
False,,163.9mb,487,,,,,True,prefeitura,2000,420
False,,163.9mb,487,,,,,True,prefeitura,2000,423
False,,163.9mb,487,,,,,True,prefeitura,2000,365
False,,163.9mb,487,,,,,True,prefeitura,2000,194
False,,163.9mb,487,,,,,True,prefeitura,2000,193
False,,163.9mb,487,,,,,True,prefeitura,2000,195
False,,163.9mb,487,,,,,True,prefeitura,2000,194
False,,163.9mb,487,,,,,True,prefeitura,2000,199
False,,163.9mb,487,,,,,True,prefeitura,2000,214
False,,163.9mb,487,,,,,True,prefeitura,2000,198
False,,163.9mb,487,,,,,True,prefeitura,2000,194
False,,163.9mb,487,,,,,True,prefeitura,2000,194
False,,163.9mb,487,,,,,True,prefeitura,2000,240
False,,163.9mb,487,,,,,True,prefeitura,2000,193
False,,163.9mb,487,,,,,True,prefeitura,2000,200
False,,163.9mb,487,,,,,True,prefeitura,2000,197
False,,163.9mb,487,,,,,True,prefeitura,2000,196
False,,163.9mb,487,,,,,True,prefeitura,2000,349
False,,163.9mb,487,,,,,True,prefeitura,2000,477
False,,163.9mb,487,,,,,True,prefeitura,2000,415
False,,163.9mb,487,,,,,True,prefeitura,2000,416
False,,163.9mb,487,,,,,True,prefeitura,2000,414
False,,163.9mb,487,,,,,True,prefeitura,2000,201
False,,163.9mb,487,,,,,True,prefeitura,2000,195
False,,163.9mb,487,,,,,True,prefeitura,2000,193
False,,163.9mb,487,,,,,True,prefeitura,2000,200
False,,163.9mb,487,,,,,True,prefeitura,2000,197
False,,163.9mb,487,,,,,True,prefeitura,2000,196
False,,163.9mb,487,,,,,True,prefeitura,2000,194
False,,163.9mb,487,,,,,True,prefeitura,2000,194
False,,163.9mb,487,,,,,True,prefeitura,2000,195
False,,163.9mb,487,,,,,True,prefeitura,2000,237
False,,163.9mb,487,,,,,True,prefeitura,2000,254
False,,163.9mb,487,,,,,True,prefeitura,2000,204
False,,163.9mb,487,,,,,True,prefeitura,2000,204
False,,163.9mb,487,,,,,True,prefeitura,2000,201
False,,163.9mb,487,,,,,True,prefeitura,2000,363
False,,163.9mb,487,,,,,True,prefeitura,2000,451
False,,163.9mb,487,,,,,True,prefeitura,2000,328
False,,163.9mb,487,,,,,True,prefeitura,2000,194
False,,163.9mb,487,,,,,True,prefeitura,2000,197
False,,163.9mb,487,,,,,True,prefeitura,2000,200
False,,163.9mb,487,,,,,True,prefeitura,2000,201
False,,163.9mb,487,,,,,True,prefeitura,2000,194
False,,163.9mb,487,,,,,True,prefeitura,2000,194
False,,163.9mb,487,,,,,True,prefeitura,2000,213
False,,163.9mb,487,,,,,True,prefeitura,2000,253
False,,163.9mb,487,,,,,True,prefeitura,2000,226
False,,163.9mb,487,,,,,True,prefeitura,2000,211
False,,163.9mb,487,,,,,True,prefeitura,2000,195
False,,163.9mb,487,,,,,True,prefeitura,2000,198
False,,163.9mb,487,,,,,True,prefeitura,2000,194
False,,163.9mb,487,,,,,True,prefeitura,2000,231
False,,163.9mb,487,,,,,True,Lei de Acesso à Informação,500,551
False,,163.9mb,487,,,,,True,Lei de Acesso à Informação,500,561
False,,163.9mb,487,,,,,True,Lei de Acesso à Informação,500,545
False,,163.9mb,487,,,,,True,Lei de Acesso à Informação,500,393
False,,163.9mb,487,,,,,True,Lei de Acesso à Informação,500,260
False,,163.9mb,487,,,,,True,Lei de Acesso à Informação,500,256
False,,163.9mb,487,,,,,True,Lei de Acesso à Informação,500,297
False,,163.9mb,487,,,,,True,Lei de Acesso à Informação,500,257
False,,163.9mb,487,,,,,True,Lei de Acesso à Informação,500,264
False,,163.9mb,487,,,,,True,Lei de Acesso à Informação,500,260
False,,163.9mb,487,,,,,True,Lei de Acesso à Informação,500,255
False,,163.9mb,487,,,,,True,Lei de Acesso à Informação,500,257
False,,163.9mb,487,,,,,True,Lei de Acesso à Informação,500,257
False,,163.9mb,487,,,,,True,Lei de Acesso à Informação,500,256
False,,163.9mb,487,,,,,True,Lei de Acesso à Informação,500,314
False,,163.9mb,487,,,,,True,Lei de Acesso à Informação,500,555
False,,163.9mb,487,,,,,True,Lei de Acesso à Informação,500,433
False,,163.9mb,487,,,,,True,Lei de Acesso à Informação,500,256
False,,163.9mb,487,,,,,True,Lei de Acesso à Informação,500,256
False,,163.9mb,487,,,,,True,Lei de Acesso à Informação,500,290
False,,163.9mb,487,,,,,True,Lei de Acesso à Informação,500,264
False,,163.9mb,487,,,,,True,Lei de Acesso à Informação,500,272
False,,163.9mb,487,,,,,True,Lei de Acesso à Informação,500,258
False,,163.9mb,487,,,,,True,Lei de Acesso à Informação,500,257
False,,163.9mb,487,,,,,True,Lei de Acesso à Informação,500,256
False,,163.9mb,487,,,,,True,Lei de Acesso à Informação,500,255
False,,163.9mb,487,,,,,True,Lei de Acesso à Informação,500,257
False,,163.9mb,487,,,,,True,Lei de Acesso à Informação,500,277
False,,163.9mb,487,,,,,True,Lei de Acesso à Informação,500,565
False,,163.9mb,487,,,,,True,Lei de Acesso à Informação,500,561
False,,163.9mb,487,,,,,True,Lei de Acesso à Informação,500,554
False,,163.9mb,487,,,,,True,Lei de Acesso à Informação,500,423
False,,163.9mb,487,,,,,True,Lei de Acesso à Informação,500,261
False,,163.9mb,487,,,,,True,Lei de Acesso à Informação,500,258
False,,163.9mb,487,,,,,True,Lei de Acesso à Informação,500,257
False,,163.9mb,487,,,,,True,Lei de Acesso à Informação,500,256
False,,163.9mb,487,,,,,True,Lei de Acesso à Informação,500,259
False,,163.9mb,487,,,,,True,Lei de Acesso à Informação,500,255
False,,163.9mb,487,,,,,True,Lei de Acesso à Informação,500,259
False,,163.9mb,487,,,,,True,Lei de Acesso à Informação,500,256
False,,163.9mb,487,,,,,True,Lei de Acesso à Informação,500,258
False,,163.9mb,487,,,,,True,Lei de Acesso à Informação,500,254
False,,163.9mb,487,,,,,True,Lei de Acesso à Informação,500,302
False,,163.9mb,487,,,,,True,Lei de Acesso à Informação,500,555
False,,163.9mb,487,,,,,True,Lei de Acesso à Informação,500,449
False,,163.9mb,487,,,,,True,Lei de Acesso à Informação,500,265
False,,163.9mb,487,,,,,True,Lei de Acesso à Informação,500,259
False,,163.9mb,487,,,,,True,Lei de Acesso à Informação,500,261
False,,163.9mb,487,,,,,True,Lei de Acesso à Informação,500,256
False,,163.9mb,487,,,,,True,Lei de Acesso à Informação,500,298
False,,163.9mb,487,,,,,True,Lei de Acesso à Informação,500,257
False,,163.9mb,487,,,,,True,Lei de Acesso à Informação,500,263
False,,163.9mb,487,,,,,True,Lei de Acesso à Informação,500,259
False,,163.9mb,487,,,,,True,Lei de Acesso à Informação,500,256
False,,163.9mb,487,,,,,True,Lei de Acesso à Informação,500,258
False,,163.9mb,487,,,,,True,Lei de Acesso à Informação,500,257
False,,163.9mb,487,,,,,True,Lei de Acesso à Informação,500,256
False,,163.9mb,487,,,,,True,Lei de Acesso à Informação,500,295
False,,163.9mb,487,,,,,True,Lei de Acesso à Informação,500,257
False,,163.9mb,487,,,,,True,Lei de Acesso à Informação,500,403
False,,163.9mb,487,,,,,True,Lei de Acesso à Informação,500,557
False,,163.9mb,487,,,,,True,Lei de Acesso à Informação,500,337
False,,163.9mb,487,,,,,True,Lei de Acesso à Informação,500,256
False,,163.9mb,487,,,,,True,Lei de Acesso à Informação,500,258
False,,163.9mb,487,,,,,True,Lei de Acesso à Informação,500,255
False,,163.9mb,487,,,,,True,Lei de Acesso à Informação,500,254
False,,163.9mb,487,,,,,True,Lei de Acesso à Informação,500,260
False,,163.9mb,487,,,,,True,Lei de Acesso à Informação,500,277
False,,163.9mb,487,,,,,True,Lei de Acesso à Informação,500,267
False,,163.9mb,487,,,,,True,Lei de Acesso à Informação,500,262
False,,163.9mb,487,,,,,True,Lei de Acesso à Informação,500,256
False,,163.9mb,487,,,,,True,Lei de Acesso à Informação,500,255
False,,163.9mb,487,,,,,True,Lei de Acesso à Informação,500,255
False,,163.9mb,487,,,,,True,Lei de Acesso à Informação,500,325
False,,163.9mb,487,,,,,True,Lei de Acesso à Informação,500,269
False,,163.9mb,487,,,,,True,Lei de Acesso à Informação,500,255
False,,163.9mb,487,,,,,True,Lei de Acesso à Informação,500,524
False,,163.9mb,487,,,,,True,Lei de Acesso à Informação,500,560
False,,163.9mb,487,,,,,True,Lei de Acesso à Informação,500,256
False,,163.9mb,487,,,,,True,Lei de Acesso à Informação,500,263
False,,163.9mb,487,,,,,True,Lei de Acesso à Informação,500,258
False,,163.9mb,487,,,,,True,Lei de Acesso à Informação,500,255
False,,163.9mb,487,,,,,True,Lei de Acesso à Informação,500,255
False,,163.9mb,487,,,,,True,Lei de Acesso à Informação,500,264
False,,163.9mb,487,,,,,True,Lei de Acesso à Informação,500,294
False,,163.9mb,487,,,,,True,Lei de Acesso à Informação,500,262
False,,163.9mb,487,,,,,True,Lei de Acesso à Informação,500,256
False,,163.9mb,487,,,,,True,Lei de Acesso à Informação,500,261
False,,163.9mb,487,,,,,True,Lei de Acesso à Informação,500,258
False,,163.9mb,487,,,,,True,Lei de Acesso à Informação,500,496
False,,163.9mb,487,,,,,True,Lei de Acesso à Informação,500,561
False,,163.9mb,487,,,,,True,Lei de Acesso à Informação,500,264
False,,163.9mb,487,,,,,True,Lei de Acesso à Informação,500,256
False,,163.9mb,487,,,,,True,Lei de Acesso à Informação,500,257
False,,163.9mb,487,,,,,True,Lei de Acesso à Informação,500,256
False,,163.9mb,487,,,,,True,Lei de Acesso à Informação,500,258
False,,163.9mb,487,,,,,True,Lei de Acesso à Informação,500,255
False,,163.9mb,487,,,,,True,Lei de Acesso à Informação,500,357
False,,163.9mb,487,,,,,True,Lei de Acesso à Informação,500,256
False,,163.9mb,487,,,,,True,Lei de Acesso à Informação,500,255
False,,163.9mb,487,,,,,True,Lei de Acesso à Informação,1000,353
False,,163.9mb,487,,,,,True,Lei de Acesso à Informação,1000,540
False,,163.9mb,487,,,,,True,Lei de Acesso à Informação,1000,756
False,,163.9mb,487,,,,,True,Lei de Acesso à Informação,1000,353
False,,163.9mb,487,,,,,True,Lei de Acesso à Informação,1000,359
False,,163.9mb,487,,,,,True,Lei de Acesso à Informação,1000,353
False,,163.9mb,487,,,,,True,Lei de Acesso à Informação,1000,355
False,,163.9mb,487,,,,,True,Lei de Acesso à Informação,1000,357
False,,163.9mb,487,,,,,True,Lei de Acesso à Informação,1000,372
False,,163.9mb,487,,,,,True,Lei de Acesso à Informação,1000,355
False,,163.9mb,487,,,,,True,Lei de Acesso à Informação,1000,357
False,,163.9mb,487,,,,,True,Lei de Acesso à Informação,1000,671
False,,163.9mb,487,,,,,True,Lei de Acesso à Informação,1000,801
False,,163.9mb,487,,,,,True,Lei de Acesso à Informação,1000,740
False,,163.9mb,487,,,,,True,Lei de Acesso à Informação,1000,358
False,,163.9mb,487,,,,,True,Lei de Acesso à Informação,1000,355
False,,163.9mb,487,,,,,True,Lei de Acesso à Informação,1000,356
False,,163.9mb,487,,,,,True,Lei de Acesso à Informação,1000,355
False,,163.9mb,487,,,,,True,Lei de Acesso à Informação,1000,354
False,,163.9mb,487,,,,,True,Lei de Acesso à Informação,1000,356
False,,163.9mb,487,,,,,True,Lei de Acesso à Informação,1000,390
False,,163.9mb,487,,,,,True,Lei de Acesso à Informação,1000,357
False,,163.9mb,487,,,,,True,Lei de Acesso à Informação,1000,708
False,,163.9mb,487,,,,,True,Lei de Acesso à Informação,1000,597
False,,163.9mb,487,,,,,True,Lei de Acesso à Informação,1000,359
False,,163.9mb,487,,,,,True,Lei de Acesso à Informação,1000,355
False,,163.9mb,487,,,,,True,Lei de Acesso à Informação,1000,354
False,,163.9mb,487,,,,,True,Lei de Acesso à Informação,1000,358
False,,163.9mb,487,,,,,True,Lei de Acesso à Informação,1000,356
False,,163.9mb,487,,,,,True,Lei de Acesso à Informação,1000,355
False,,163.9mb,487,,,,,True,Lei de Acesso à Informação,1000,357
False,,163.9mb,487,,,,,True,Lei de Acesso à Informação,1000,354
False,,163.9mb,487,,,,,True,Lei de Acesso à Informação,1000,406
False,,163.9mb,487,,,,,True,Lei de Acesso à Informação,1000,362
False,,163.9mb,487,,,,,True,Lei de Acesso à Informação,1000,439
False,,163.9mb,487,,,,,True,Lei de Acesso à Informação,1000,761
False,,163.9mb,487,,,,,True,Lei de Acesso à Informação,1000,392
False,,163.9mb,487,,,,,True,Lei de Acesso à Informação,1000,355
False,,163.9mb,487,,,,,True,Lei de Acesso à Informação,1000,363
False,,163.9mb,487,,,,,True,Lei de Acesso à Informação,1000,355
False,,163.9mb,487,,,,,True,Lei de Acesso à Informação,1000,354
False,,163.9mb,487,,,,,True,Lei de Acesso à Informação,1000,354
False,,163.9mb,487,,,,,True,Lei de Acesso à Informação,1000,365
False,,163.9mb,487,,,,,True,Lei de Acesso à Informação,1000,356
False,,163.9mb,487,,,,,True,Lei de Acesso à Informação,1000,537
False,,163.9mb,487,,,,,True,Lei de Acesso à Informação,1000,731
False,,163.9mb,487,,,,,True,Lei de Acesso à Informação,1000,353
False,,163.9mb,487,,,,,True,Lei de Acesso à Informação,1000,354
False,,163.9mb,487,,,,,True,Lei de Acesso à Informação,1000,354
False,,163.9mb,487,,,,,True,Lei de Acesso à Informação,1000,395
False,,163.9mb,487,,,,,True,Lei de Acesso à Informação,1000,354
False,,163.9mb,487,,,,,True,Lei de Acesso à Informação,1000,354
False,,163.9mb,487,,,,,True,Lei de Acesso à Informação,1000,362
False,,163.9mb,487,,,,,True,Lei de Acesso à Informação,1000,356
False,,163.9mb,487,,,,,True,Lei de Acesso à Informação,1000,648
False,,163.9mb,487,,,,,True,Lei de Acesso à Informação,1000,619
False,,163.9mb,487,,,,,True,Lei de Acesso à Informação,1000,354
False,,163.9mb,487,,,,,True,Lei de Acesso à Informação,1000,355
False,,163.9mb,487,,,,,True,Lei de Acesso à Informação,1000,359
False,,163.9mb,487,,,,,True,Lei de Acesso à Informação,1000,359
False,,163.9mb,487,,,,,True,Lei de Acesso à Informação,1000,389
False,,163.9mb,487,,,,,True,Lei de Acesso à Informação,1000,362
False,,163.9mb,487,,,,,True,Lei de Acesso à Informação,1000,362
False,,163.9mb,487,,,,,True,Lei de Acesso à Informação,1000,360
False,,163.9mb,487,,,,,True,Lei de Acesso à Informação,1000,354
False,,163.9mb,487,,,,,True,Lei de Acesso à Informação,1000,355
False,,163.9mb,487,,,,,True,Lei de Acesso à Informação,1000,356
False,,163.9mb,487,,,,,True,Lei de Acesso à Informação,1000,359
False,,163.9mb,487,,,,,True,Lei de Acesso à Informação,1000,356
False,,163.9mb,487,,,,,True,Lei de Acesso à Informação,1000,356
False,,163.9mb,487,,,,,True,Lei de Acesso à Informação,1000,355
False,,163.9mb,487,,,,,True,Lei de Acesso à Informação,1000,362
False,,163.9mb,487,,,,,True,Lei de Acesso à Informação,1000,357
False,,163.9mb,487,,,,,True,Lei de Acesso à Informação,1000,357
False,,163.9mb,487,,,,,True,Lei de Acesso à Informação,1000,390
False,,163.9mb,487,,,,,True,Lei de Acesso à Informação,1000,354
False,,163.9mb,487,,,,,True,Lei de Acesso à Informação,1000,355
False,,163.9mb,487,,,,,True,Lei de Acesso à Informação,1000,355
False,,163.9mb,487,,,,,True,Lei de Acesso à Informação,1000,752
False,,163.9mb,487,,,,,True,Lei de Acesso à Informação,1000,516
False,,163.9mb,487,,,,,True,Lei de Acesso à Informação,1000,365
False,,163.9mb,487,,,,,True,Lei de Acesso à Informação,1000,355
False,,163.9mb,487,,,,,True,Lei de Acesso à Informação,1000,357
False,,163.9mb,487,,,,,True,Lei de Acesso à Informação,1000,356
False,,163.9mb,487,,,,,True,Lei de Acesso à Informação,1000,357
False,,163.9mb,487,,,,,True,Lei de Acesso à Informação,1000,369
False,,163.9mb,487,,,,,True,Lei de Acesso à Informação,1000,358
False,,163.9mb,487,,,,,True,Lei de Acesso à Informação,1000,353
False,,163.9mb,487,,,,,True,Lei de Acesso à Informação,1000,361
False,,163.9mb,487,,,,,True,Lei de Acesso à Informação,1000,352
False,,163.9mb,487,,,,,True,Lei de Acesso à Informação,1000,522
False,,163.9mb,487,,,,,True,Lei de Acesso à Informação,1000,755
False,,163.9mb,487,,,,,True,Lei de Acesso à Informação,1000,355
False,,163.9mb,487,,,,,True,Lei de Acesso à Informação,1000,355
False,,163.9mb,487,,,,,True,Lei de Acesso à Informação,1000,356
False,,163.9mb,487,,,,,True,Lei de Acesso à Informação,1000,354
False,,163.9mb,487,,,,,True,Lei de Acesso à Informação,1000,355
False,,163.9mb,487,,,,,True,Lei de Acesso à Informação,1000,356
False,,163.9mb,487,,,,,True,Lei de Acesso à Informação,1000,399
False,,163.9mb,487,,,,,True,Lei de Acesso à Informação,1000,361
False,,163.9mb,487,,,,,True,Lei de Acesso à Informação,2000,427
False,,163.9mb,487,,,,,True,Lei de Acesso à Informação,2000,432
False,,163.9mb,487,,,,,True,Lei de Acesso à Informação,2000,431
False,,163.9mb,487,,,,,True,Lei de Acesso à Informação,2000,429
False,,163.9mb,487,,,,,True,Lei de Acesso à Informação,2000,429
False,,163.9mb,487,,,,,True,Lei de Acesso à Informação,2000,430
False,,163.9mb,487,,,,,True,Lei de Acesso à Informação,2000,429
False,,163.9mb,487,,,,,True,Lei de Acesso à Informação,2000,734
False,,163.9mb,487,,,,,True,Lei de Acesso à Informação,2000,674
False,,163.9mb,487,,,,,True,Lei de Acesso à Informação,2000,451
False,,163.9mb,487,,,,,True,Lei de Acesso à Informação,2000,433
False,,163.9mb,487,,,,,True,Lei de Acesso à Informação,2000,440
False,,163.9mb,487,,,,,True,Lei de Acesso à Informação,2000,432
False,,163.9mb,487,,,,,True,Lei de Acesso à Informação,2000,431
False,,163.9mb,487,,,,,True,Lei de Acesso à Informação,2000,430
False,,163.9mb,487,,,,,True,Lei de Acesso à Informação,2000,431
False,,163.9mb,487,,,,,True,Lei de Acesso à Informação,2000,430
False,,163.9mb,487,,,,,True,Lei de Acesso à Informação,2000,439
False,,163.9mb,487,,,,,True,Lei de Acesso à Informação,2000,434
False,,163.9mb,487,,,,,True,Lei de Acesso à Informação,2000,428
False,,163.9mb,487,,,,,True,Lei de Acesso à Informação,2000,430
False,,163.9mb,487,,,,,True,Lei de Acesso à Informação,2000,428
False,,163.9mb,487,,,,,True,Lei de Acesso à Informação,2000,432
False,,163.9mb,487,,,,,True,Lei de Acesso à Informação,2000,470
False,,163.9mb,487,,,,,True,Lei de Acesso à Informação,2000,432
False,,163.9mb,487,,,,,True,Lei de Acesso à Informação,2000,428
False,,163.9mb,487,,,,,True,Lei de Acesso à Informação,2000,431
False,,163.9mb,487,,,,,True,Lei de Acesso à Informação,2000,764
False,,163.9mb,487,,,,,True,Lei de Acesso à Informação,2000,656
False,,163.9mb,487,,,,,True,Lei de Acesso à Informação,2000,428
False,,163.9mb,487,,,,,True,Lei de Acesso à Informação,2000,428
False,,163.9mb,487,,,,,True,Lei de Acesso à Informação,2000,431
False,,163.9mb,487,,,,,True,Lei de Acesso à Informação,2000,436
False,,163.9mb,487,,,,,True,Lei de Acesso à Informação,2000,429
False,,163.9mb,487,,,,,True,Lei de Acesso à Informação,2000,431
False,,163.9mb,487,,,,,True,Lei de Acesso à Informação,2000,655
False,,163.9mb,487,,,,,True,Lei de Acesso à Informação,2000,768
False,,163.9mb,487,,,,,True,Lei de Acesso à Informação,2000,433
False,,163.9mb,487,,,,,True,Lei de Acesso à Informação,2000,428
False,,163.9mb,487,,,,,True,Lei de Acesso à Informação,2000,430
False,,163.9mb,487,,,,,True,Lei de Acesso à Informação,2000,429
False,,163.9mb,487,,,,,True,Lei de Acesso à Informação,2000,429
False,,163.9mb,487,,,,,True,Lei de Acesso à Informação,2000,434
False,,163.9mb,487,,,,,True,Lei de Acesso à Informação,2000,436
False,,163.9mb,487,,,,,True,Lei de Acesso à Informação,2000,428
False,,163.9mb,487,,,,,True,Lei de Acesso à Informação,2000,472
False,,163.9mb,487,,,,,True,Lei de Acesso à Informação,2000,891
False,,163.9mb,487,,,,,True,Lei de Acesso à Informação,2000,529
False,,163.9mb,487,,,,,True,Lei de Acesso à Informação,2000,506
False,,163.9mb,487,,,,,True,Lei de Acesso à Informação,2000,429
False,,163.9mb,487,,,,,True,Lei de Acesso à Informação,2000,432
False,,163.9mb,487,,,,,True,Lei de Acesso à Informação,2000,429
False,,163.9mb,487,,,,,True,Lei de Acesso à Informação,2000,429
False,,163.9mb,487,,,,,True,Lei de Acesso à Informação,2000,433
False,,163.9mb,487,,,,,True,Lei de Acesso à Informação,2000,429
False,,163.9mb,487,,,,,True,Lei de Acesso à Informação,2000,428
False,,163.9mb,487,,,,,True,Lei de Acesso à Informação,2000,433
False,,163.9mb,487,,,,,True,Lei de Acesso à Informação,2000,429
False,,163.9mb,487,,,,,True,Lei de Acesso à Informação,2000,428
False,,163.9mb,487,,,,,True,Lei de Acesso à Informação,2000,429
False,,163.9mb,487,,,,,True,Lei de Acesso à Informação,2000,428
False,,163.9mb,487,,,,,True,Lei de Acesso à Informação,2000,430
False,,163.9mb,487,,,,,True,Lei de Acesso à Informação,2000,430
False,,163.9mb,487,,,,,True,Lei de Acesso à Informação,2000,568
False,,163.9mb,487,,,,,True,Lei de Acesso à Informação,2000,850
False,,163.9mb,487,,,,,True,Lei de Acesso à Informação,2000,429
False,,163.9mb,487,,,,,True,Lei de Acesso à Informação,2000,444
False,,163.9mb,487,,,,,True,Lei de Acesso à Informação,2000,432
False,,163.9mb,487,,,,,True,Lei de Acesso à Informação,2000,439
False,,163.9mb,487,,,,,True,Lei de Acesso à Informação,2000,463
False,,163.9mb,487,,,,,True,Lei de Acesso à Informação,2000,438
False,,163.9mb,487,,,,,True,Lei de Acesso à Informação,2000,544
False,,163.9mb,487,,,,,True,Lei de Acesso à Informação,2000,918
False,,163.9mb,487,,,,,True,Lei de Acesso à Informação,2000,520
False,,163.9mb,487,,,,,True,Lei de Acesso à Informação,2000,428
False,,163.9mb,487,,,,,True,Lei de Acesso à Informação,2000,432
False,,163.9mb,487,,,,,True,Lei de Acesso à Informação,2000,435
False,,163.9mb,487,,,,,True,Lei de Acesso à Informação,2000,432
False,,163.9mb,487,,,,,True,Lei de Acesso à Informação,2000,434
False,,163.9mb,487,,,,,True,Lei de Acesso à Informação,2000,572
False,,163.9mb,487,,,,,True,Lei de Acesso à Informação,2000,845
False,,163.9mb,487,,,,,True,Lei de Acesso à Informação,2000,480
False,,163.9mb,487,,,,,True,Lei de Acesso à Informação,2000,428
False,,163.9mb,487,,,,,True,Lei de Acesso à Informação,2000,430
False,,163.9mb,487,,,,,True,Lei de Acesso à Informação,2000,429
False,,163.9mb,487,,,,,True,Lei de Acesso à Informação,2000,435
False,,163.9mb,487,,,,,True,Lei de Acesso à Informação,2000,442
False,,163.9mb,487,,,,,True,Lei de Acesso à Informação,2000,434
False,,163.9mb,487,,,,,True,Lei de Acesso à Informação,2000,430
False,,163.9mb,487,,,,,True,Lei de Acesso à Informação,2000,431
False,,163.9mb,487,,,,,True,Lei de Acesso à Informação,2000,901
False,,163.9mb,487,,,,,True,Lei de Acesso à Informação,2000,566
False,,163.9mb,487,,,,,True,Lei de Acesso à Informação,2000,434
False,,163.9mb,487,,,,,True,Lei de Acesso à Informação,2000,430
False,,163.9mb,487,,,,,True,Lei de Acesso à Informação,2000,435
False,,163.9mb,487,,,,,True,Lei de Acesso à Informação,2000,433
False,,163.9mb,487,,,,,True,Lei de Acesso à Informação,2000,429
False,,163.9mb,487,,,,,True,Lei de Acesso à Informação,2000,430
False,,163.9mb,487,,,,,True,Lei de Acesso à Informação,2000,430
False,,163.9mb,487,,,,,True,Lei de Acesso à Informação,2000,433
False,,163.9mb,487,,,Lei de Acesso à Informação,6,,,,
False,,163.9mb,487,,,Lei de Acesso à Informação,6,,,,
False,,163.9mb,487,,,Lei de Acesso à Informação,7,,,,
False,,163.9mb,487,,,Lei de Acesso à Informação,5,,,,
False,,163.9mb,487,,,Lei de Acesso à Informação,6,,,,
False,,163.9mb,487,,,Lei de Acesso à Informação,9,,,,
False,,163.9mb,487,,,Lei de Acesso à Informação,6,,,,
False,,163.9mb,487,,,Lei de Acesso à Informação,5,,,,
False,,163.9mb,487,,,Lei de Acesso à Informação,5,,,,
False,,163.9mb,487,,,Lei de Acesso à Informação,5,,,,
False,,163.9mb,487,,,Lei de Acesso à Informação,6,,,,
False,,163.9mb,487,,,Lei de Acesso à Informação,5,,,,
False,,163.9mb,487,,,Lei de Acesso à Informação,5,,,,
False,,163.9mb,487,,,Lei de Acesso à Informação,6,,,,
False,,163.9mb,487,,,Lei de Acesso à Informação,5,,,,
False,,163.9mb,487,,,Lei de Acesso à Informação,6,,,,
False,,163.9mb,487,,,Lei de Acesso à Informação,5,,,,
False,,163.9mb,487,,,Lei de Acesso à Informação,5,,,,
False,,163.9mb,487,,,Lei de Acesso à Informação,6,,,,
False,,163.9mb,487,,,Lei de Acesso à Informação,5,,,,
False,,163.9mb,487,,,Lei de Acesso à Informação,8,,,,
False,,163.9mb,487,,,Lei de Acesso à Informação,6,,,,
False,,163.9mb,487,,,Lei de Acesso à Informação,6,,,,
False,,163.9mb,487,,,Lei de Acesso à Informação,5,,,,
False,,163.9mb,487,,,Lei de Acesso à Informação,5,,,,
False,,163.9mb,487,,,Lei de Acesso à Informação,6,,,,
False,,163.9mb,487,,,Lei de Acesso à Informação,5,,,,
False,,163.9mb,487,,,Lei de Acesso à Informação,6,,,,
False,,163.9mb,487,,,Lei de Acesso à Informação,5,,,,
False,,163.9mb,487,,,Lei de Acesso à Informação,5,,,,
False,,163.9mb,487,,,Lei de Acesso à Informação,6,,,,
False,,163.9mb,487,,,Lei de Acesso à Informação,5,,,,
False,,163.9mb,487,,,Lei de Acesso à Informação,6,,,,
False,,163.9mb,487,,,Lei de Acesso à Informação,5,,,,
False,,163.9mb,487,,,Lei de Acesso à Informação,6,,,,
False,,163.9mb,487,,,Lei de Acesso à Informação,5,,,,
False,,163.9mb,487,,,Lei de Acesso à Informação,6,,,,
False,,163.9mb,487,,,Lei de Acesso à Informação,6,,,,
False,,163.9mb,487,,,Lei de Acesso à Informação,6,,,,
False,,163.9mb,487,,,Lei de Acesso à Informação,5,,,,
False,,163.9mb,487,,,Lei de Acesso à Informação,5,,,,
False,,163.9mb,487,,,Lei de Acesso à Informação,5,,,,
False,,163.9mb,487,,,Lei de Acesso à Informação,5,,,,
False,,163.9mb,487,,,Lei de Acesso à Informação,6,,,,
False,,163.9mb,487,,,Lei de Acesso à Informação,5,,,,
False,,163.9mb,487,,,Lei de Acesso à Informação,5,,,,
False,,163.9mb,487,,,Lei de Acesso à Informação,5,,,,
False,,163.9mb,487,,,Lei de Acesso à Informação,5,,,,
False,,163.9mb,487,,,Lei de Acesso à Informação,6,,,,
False,,163.9mb,487,,,Lei de Acesso à Informação,8,,,,
False,,163.9mb,487,,,Lei de Acesso à Informação,5,,,,
False,,163.9mb,487,,,Lei de Acesso à Informação,5,,,,
False,,163.9mb,487,,,Lei de Acesso à Informação,6,,,,
False,,163.9mb,487,,,Lei de Acesso à Informação,5,,,,
False,,163.9mb,487,,,Lei de Acesso à Informação,5,,,,
False,,163.9mb,487,,,Lei de Acesso à Informação,6,,,,
False,,163.9mb,487,,,Lei de Acesso à Informação,5,,,,
False,,163.9mb,487,,,Lei de Acesso à Informação,6,,,,
False,,163.9mb,487,,,Lei de Acesso à Informação,6,,,,
False,,163.9mb,487,,,Lei de Acesso à Informação,5,,,,
False,,163.9mb,487,,,Lei de Acesso à Informação,5,,,,
False,,163.9mb,487,,,Lei de Acesso à Informação,5,,,,
False,,163.9mb,487,,,Lei de Acesso à Informação,6,,,,
False,,163.9mb,487,,,Lei de Acesso à Informação,5,,,,
False,,163.9mb,487,,,Lei de Acesso à Informação,6,,,,
False,,163.9mb,487,,,Lei de Acesso à Informação,7,,,,
False,,163.9mb,487,,,Lei de Acesso à Informação,5,,,,
False,,163.9mb,487,,,Lei de Acesso à Informação,5,,,,
False,,163.9mb,487,,,Lei de Acesso à Informação,5,,,,
False,,163.9mb,487,,,Lei de Acesso à Informação,5,,,,
False,,163.9mb,487,,,Lei de Acesso à Informação,5,,,,
False,,163.9mb,487,,,Lei de Acesso à Informação,5,,,,
False,,163.9mb,487,,,Lei de Acesso à Informação,5,,,,
False,,163.9mb,487,,,Lei de Acesso à Informação,6,,,,
False,,163.9mb,487,,,Lei de Acesso à Informação,5,,,,
False,,163.9mb,487,,,Lei de Acesso à Informação,6,,,,
False,,163.9mb,487,,,Lei de Acesso à Informação,5,,,,
False,,163.9mb,487,,,Lei de Acesso à Informação,5,,,,
False,,163.9mb,487,,,Lei de Acesso à Informação,6,,,,
False,,163.9mb,487,,,Lei de Acesso à Informação,5,,,,
False,,163.9mb,487,,,Lei de Acesso à Informação,5,,,,
False,,163.9mb,487,,,Lei de Acesso à Informação,5,,,,
False,,163.9mb,487,,,Lei de Acesso à Informação,5,,,,
False,,163.9mb,487,,,Lei de Acesso à Informação,6,,,,
False,,163.9mb,487,,,Lei de Acesso à Informação,6,,,,
False,,163.9mb,487,,,Lei de Acesso à Informação,5,,,,
False,,163.9mb,487,,,Lei de Acesso à Informação,5,,,,
False,,163.9mb,487,,,Lei de Acesso à Informação,6,,,,
False,,163.9mb,487,,,Lei de Acesso à Informação,5,,,,
False,,163.9mb,487,,,Lei de Acesso à Informação,7,,,,
False,,163.9mb,487,,,Lei de Acesso à Informação,6,,,,
False,,163.9mb,487,,,Lei de Acesso à Informação,5,,,,
False,,163.9mb,487,,,Lei de Acesso à Informação,5,,,,
False,,163.9mb,487,,,Lei de Acesso à Informação,5,,,,
False,,163.9mb,487,,,Lei de Acesso à Informação,7,,,,
False,,163.9mb,487,,,Lei de Acesso à Informação,7,,,,
False,,163.9mb,487,,,Lei de Acesso à Informação,6,,,,
False,,163.9mb,487,,,Lei de Acesso à Informação,7,,,,
False,,163.9mb,487,,,Lei de Acesso à Informação,5,,,,
False,,163.9mb,487,,,Lei de Acesso à Informação,7,,,,
False,,163.9mb,487,,,LAI,82,,,,
False,,163.9mb,487,,,LAI,10,,,,
False,,163.9mb,487,,,LAI,10,,,,
False,,163.9mb,487,,,LAI,10,,,,
False,,163.9mb,487,,,LAI,9,,,,
False,,163.9mb,487,,,LAI,10,,,,
False,,163.9mb,487,,,LAI,11,,,,
False,,163.9mb,487,,,LAI,12,,,,
False,,163.9mb,487,,,LAI,11,,,,
False,,163.9mb,487,,,LAI,10,,,,
False,,163.9mb,487,,,LAI,14,,,,
False,,163.9mb,487,,,LAI,10,,,,
False,,163.9mb,487,,,LAI,10,,,,
False,,163.9mb,487,,,LAI,9,,,,
False,,163.9mb,487,,,LAI,11,,,,
False,,163.9mb,487,,,LAI,10,,,,
False,,163.9mb,487,,,LAI,11,,,,
False,,163.9mb,487,,,LAI,10,,,,
False,,163.9mb,487,,,LAI,10,,,,
False,,163.9mb,487,,,LAI,10,,,,
False,,163.9mb,487,,,LAI,12,,,,
False,,163.9mb,487,,,LAI,11,,,,
False,,163.9mb,487,,,LAI,11,,,,
False,,163.9mb,487,,,LAI,10,,,,
False,,163.9mb,487,,,LAI,9,,,,
False,,163.9mb,487,,,LAI,11,,,,
False,,163.9mb,487,,,LAI,11,,,,
False,,163.9mb,487,,,LAI,10,,,,
False,,163.9mb,487,,,LAI,10,,,,
False,,163.9mb,487,,,LAI,15,,,,
False,,163.9mb,487,,,LAI,11,,,,
False,,163.9mb,487,,,LAI,10,,,,
False,,163.9mb,487,,,LAI,15,,,,
False,,163.9mb,487,,,LAI,12,,,,
False,,163.9mb,487,,,LAI,9,,,,
False,,163.9mb,487,,,LAI,11,,,,
False,,163.9mb,487,,,LAI,10,,,,
False,,163.9mb,487,,,LAI,11,,,,
False,,163.9mb,487,,,LAI,10,,,,
False,,163.9mb,487,,,LAI,11,,,,
False,,163.9mb,487,,,LAI,10,,,,
False,,163.9mb,487,,,LAI,12,,,,
False,,163.9mb,487,,,LAI,10,,,,
False,,163.9mb,487,,,LAI,12,,,,
False,,163.9mb,487,,,LAI,9,,,,
False,,163.9mb,487,,,LAI,10,,,,
False,,163.9mb,487,,,LAI,11,,,,
False,,163.9mb,487,,,LAI,13,,,,
False,,163.9mb,487,,,LAI,12,,,,
False,,163.9mb,487,,,LAI,10,,,,
False,,163.9mb,487,,,LAI,9,,,,
False,,163.9mb,487,,,LAI,10,,,,
False,,163.9mb,487,,,LAI,10,,,,
False,,163.9mb,487,,,LAI,10,,,,
False,,163.9mb,487,,,LAI,10,,,,
False,,163.9mb,487,,,LAI,12,,,,
False,,163.9mb,487,,,LAI,15,,,,
False,,163.9mb,487,,,LAI,11,,,,
False,,163.9mb,487,,,LAI,11,,,,
False,,163.9mb,487,,,LAI,12,,,,
False,,163.9mb,487,,,LAI,10,,,,
False,,163.9mb,487,,,LAI,11,,,,
False,,163.9mb,487,,,LAI,12,,,,
False,,163.9mb,487,,,LAI,12,,,,
False,,163.9mb,487,,,LAI,11,,,,
False,,163.9mb,487,,,LAI,13,,,,
False,,163.9mb,487,,,LAI,12,,,,
False,,163.9mb,487,,,LAI,12,,,,
False,,163.9mb,487,,,LAI,15,,,,
False,,163.9mb,487,,,LAI,13,,,,
False,,163.9mb,487,,,LAI,13,,,,
False,,163.9mb,487,,,LAI,12,,,,
False,,163.9mb,487,,,LAI,12,,,,
False,,163.9mb,487,,,LAI,12,,,,
False,,163.9mb,487,,,LAI,18,,,,
False,,163.9mb,487,,,LAI,17,,,,
False,,163.9mb,487,,,LAI,16,,,,
False,,163.9mb,487,,,LAI,13,,,,
False,,163.9mb,487,,,LAI,13,,,,
False,,163.9mb,487,,,LAI,13,,,,
False,,163.9mb,487,,,LAI,17,,,,
False,,163.9mb,487,,,LAI,13,,,,
False,,163.9mb,487,,,LAI,12,,,,
False,,163.9mb,487,,,LAI,13,,,,
False,,163.9mb,487,,,LAI,13,,,,
False,,163.9mb,487,,,LAI,12,,,,
False,,163.9mb,487,,,LAI,11,,,,
False,,163.9mb,487,,,LAI,11,,,,
False,,163.9mb,487,,,LAI,12,,,,
False,,163.9mb,487,,,LAI,11,,,,
False,,163.9mb,487,,,LAI,11,,,,
False,,163.9mb,487,,,LAI,11,,,,
False,,163.9mb,487,,,LAI,11,,,,
False,,163.9mb,487,,,LAI,11,,,,
False,,163.9mb,487,,,LAI,11,,,,
False,,163.9mb,487,,,LAI,12,,,,
False,,163.9mb,487,,,LAI,11,,,,
False,,163.9mb,487,,,LAI,12,,,,
False,,163.9mb,487,,,LAI,15,,,,
False,,163.9mb,487,,,LAI,12,,,,
False,,163.9mb,487,,,Lei Geral de Proteção de Dados Pessoais,411,,,,
False,,163.9mb,487,,,Lei Geral de Proteção de Dados Pessoais,7,,,,
False,,163.9mb,487,,,Lei Geral de Proteção de Dados Pessoais,8,,,,
False,,163.9mb,487,,,Lei Geral de Proteção de Dados Pessoais,7,,,,
False,,163.9mb,487,,,Lei Geral de Proteção de Dados Pessoais,8,,,,
False,,163.9mb,487,,,Lei Geral de Proteção de Dados Pessoais,6,,,,
False,,163.9mb,487,,,Lei Geral de Proteção de Dados Pessoais,11,,,,
False,,163.9mb,487,,,Lei Geral de Proteção de Dados Pessoais,12,,,,
False,,163.9mb,487,,,Lei Geral de Proteção de Dados Pessoais,7,,,,
False,,163.9mb,487,,,Lei Geral de Proteção de Dados Pessoais,21,,,,
False,,163.9mb,487,,,Lei Geral de Proteção de Dados Pessoais,9,,,,
False,,163.9mb,487,,,Lei Geral de Proteção de Dados Pessoais,12,,,,
False,,163.9mb,487,,,Lei Geral de Proteção de Dados Pessoais,11,,,,
False,,163.9mb,487,,,Lei Geral de Proteção de Dados Pessoais,10,,,,
False,,163.9mb,487,,,Lei Geral de Proteção de Dados Pessoais,10,,,,
False,,163.9mb,487,,,Lei Geral de Proteção de Dados Pessoais,12,,,,
False,,163.9mb,487,,,Lei Geral de Proteção de Dados Pessoais,10,,,,
False,,163.9mb,487,,,Lei Geral de Proteção de Dados Pessoais,7,,,,
False,,163.9mb,487,,,Lei Geral de Proteção de Dados Pessoais,11,,,,
False,,163.9mb,487,,,Lei Geral de Proteção de Dados Pessoais,12,,,,
False,,163.9mb,487,,,Lei Geral de Proteção de Dados Pessoais,12,,,,
False,,163.9mb,487,,,Lei Geral de Proteção de Dados Pessoais,14,,,,
False,,163.9mb,487,,,Lei Geral de Proteção de Dados Pessoais,18,,,,
False,,163.9mb,487,,,Lei Geral de Proteção de Dados Pessoais,28,,,,
False,,163.9mb,487,,,Lei Geral de Proteção de Dados Pessoais,13,,,,
False,,163.9mb,487,,,Lei Geral de Proteção de Dados Pessoais,12,,,,
False,,163.9mb,487,,,Lei Geral de Proteção de Dados Pessoais,9,,,,
False,,163.9mb,487,,,Lei Geral de Proteção de Dados Pessoais,13,,,,
False,,163.9mb,487,,,Lei Geral de Proteção de Dados Pessoais,8,,,,
False,,163.9mb,487,,,Lei Geral de Proteção de Dados Pessoais,9,,,,
False,,163.9mb,487,,,Lei Geral de Proteção de Dados Pessoais,9,,,,
False,,163.9mb,487,,,Lei Geral de Proteção de Dados Pessoais,7,,,,
False,,163.9mb,487,,,Lei Geral de Proteção de Dados Pessoais,12,,,,
False,,163.9mb,487,,,Lei Geral de Proteção de Dados Pessoais,7,,,,
False,,163.9mb,487,,,Lei Geral de Proteção de Dados Pessoais,9,,,,
False,,163.9mb,487,,,Lei Geral de Proteção de Dados Pessoais,10,,,,
False,,163.9mb,487,,,Lei Geral de Proteção de Dados Pessoais,12,,,,
False,,163.9mb,487,,,Lei Geral de Proteção de Dados Pessoais,10,,,,
False,,163.9mb,487,,,Lei Geral de Proteção de Dados Pessoais,9,,,,
False,,163.9mb,487,,,Lei Geral de Proteção de Dados Pessoais,8,,,,
False,,163.9mb,487,,,Lei Geral de Proteção de Dados Pessoais,9,,,,
False,,163.9mb,487,,,Lei Geral de Proteção de Dados Pessoais,9,,,,
False,,163.9mb,487,,,Lei Geral de Proteção de Dados Pessoais,10,,,,
False,,163.9mb,487,,,Lei Geral de Proteção de Dados Pessoais,11,,,,
False,,163.9mb,487,,,Lei Geral de Proteção de Dados Pessoais,6,,,,
False,,163.9mb,487,,,Lei Geral de Proteção de Dados Pessoais,11,,,,
False,,163.9mb,487,,,Lei Geral de Proteção de Dados Pessoais,7,,,,
False,,163.9mb,487,,,Lei Geral de Proteção de Dados Pessoais,9,,,,
False,,163.9mb,487,,,Lei Geral de Proteção de Dados Pessoais,9,,,,
False,,163.9mb,487,,,Lei Geral de Proteção de Dados Pessoais,7,,,,
False,,163.9mb,487,,,Lei Geral de Proteção de Dados Pessoais,8,,,,
False,,163.9mb,487,,,Lei Geral de Proteção de Dados Pessoais,8,,,,
False,,163.9mb,487,,,Lei Geral de Proteção de Dados Pessoais,9,,,,
False,,163.9mb,487,,,Lei Geral de Proteção de Dados Pessoais,10,,,,
False,,163.9mb,487,,,Lei Geral de Proteção de Dados Pessoais,8,,,,
False,,163.9mb,487,,,Lei Geral de Proteção de Dados Pessoais,11,,,,
False,,163.9mb,487,,,Lei Geral de Proteção de Dados Pessoais,10,,,,
False,,163.9mb,487,,,Lei Geral de Proteção de Dados Pessoais,11,,,,
False,,163.9mb,487,,,Lei Geral de Proteção de Dados Pessoais,15,,,,
False,,163.9mb,487,,,Lei Geral de Proteção de Dados Pessoais,7,,,,
False,,163.9mb,487,,,Lei Geral de Proteção de Dados Pessoais,7,,,,
False,,163.9mb,487,,,Lei Geral de Proteção de Dados Pessoais,7,,,,
False,,163.9mb,487,,,Lei Geral de Proteção de Dados Pessoais,6,,,,
False,,163.9mb,487,,,Lei Geral de Proteção de Dados Pessoais,8,,,,
False,,163.9mb,487,,,Lei Geral de Proteção de Dados Pessoais,7,,,,
False,,163.9mb,487,,,Lei Geral de Proteção de Dados Pessoais,7,,,,
False,,163.9mb,487,,,Lei Geral de Proteção de Dados Pessoais,8,,,,
False,,163.9mb,487,,,Lei Geral de Proteção de Dados Pessoais,7,,,,
False,,163.9mb,487,,,Lei Geral de Proteção de Dados Pessoais,10,,,,
False,,163.9mb,487,,,Lei Geral de Proteção de Dados Pessoais,10,,,,
False,,163.9mb,487,,,Lei Geral de Proteção de Dados Pessoais,9,,,,
False,,163.9mb,487,,,Lei Geral de Proteção de Dados Pessoais,10,,,,
False,,163.9mb,487,,,Lei Geral de Proteção de Dados Pessoais,11,,,,
False,,163.9mb,487,,,Lei Geral de Proteção de Dados Pessoais,8,,,,
False,,163.9mb,487,,,Lei Geral de Proteção de Dados Pessoais,8,,,,
False,,163.9mb,487,,,Lei Geral de Proteção de Dados Pessoais,10,,,,
False,,163.9mb,487,,,Lei Geral de Proteção de Dados Pessoais,7,,,,
False,,163.9mb,487,,,Lei Geral de Proteção de Dados Pessoais,7,,,,
False,,163.9mb,487,,,Lei Geral de Proteção de Dados Pessoais,7,,,,
False,,163.9mb,487,,,Lei Geral de Proteção de Dados Pessoais,7,,,,
False,,163.9mb,487,,,Lei Geral de Proteção de Dados Pessoais,7,,,,
False,,163.9mb,487,,,Lei Geral de Proteção de Dados Pessoais,7,,,,
False,,163.9mb,487,,,Lei Geral de Proteção de Dados Pessoais,7,,,,
False,,163.9mb,487,,,Lei Geral de Proteção de Dados Pessoais,7,,,,
False,,163.9mb,487,,,Lei Geral de Proteção de Dados Pessoais,7,,,,
False,,163.9mb,487,,,Lei Geral de Proteção de Dados Pessoais,8,,,,
False,,163.9mb,487,,,Lei Geral de Proteção de Dados Pessoais,9,,,,
False,,163.9mb,487,,,Lei Geral de Proteção de Dados Pessoais,6,,,,
False,,163.9mb,487,,,Lei Geral de Proteção de Dados Pessoais,10,,,,
False,,163.9mb,487,,,Lei Geral de Proteção de Dados Pessoais,6,,,,
False,,163.9mb,487,,,Lei Geral de Proteção de Dados Pessoais,7,,,,
False,,163.9mb,487,,,Lei Geral de Proteção de Dados Pessoais,8,,,,
False,,163.9mb,487,,,Lei Geral de Proteção de Dados Pessoais,10,,,,
False,,163.9mb,487,,,Lei Geral de Proteção de Dados Pessoais,13,,,,
False,,163.9mb,487,,,Lei Geral de Proteção de Dados Pessoais,10,,,,
False,,163.9mb,487,,,Lei Geral de Proteção de Dados Pessoais,11,,,,
False,,163.9mb,487,,,Lei Geral de Proteção de Dados Pessoais,10,,,,
False,,163.9mb,487,,,Lei Geral de Proteção de Dados Pessoais,10,,,,
False,,163.9mb,487,,,Lei Geral de Proteção de Dados Pessoais,12,,,,
False,,163.9mb,487,,,Lei Geral de Proteção de Dados Pessoais,10,,,,
False,,163.9mb,487,,,LGPD,17,,,,
False,,163.9mb,487,,,LGPD,5,,,,
False,,163.9mb,487,,,LGPD,3,,,,
False,,163.9mb,487,,,LGPD,4,,,,
False,,163.9mb,487,,,LGPD,3,,,,
False,,163.9mb,487,,,LGPD,4,,,,
False,,163.9mb,487,,,LGPD,4,,,,
False,,163.9mb,487,,,LGPD,4,,,,
False,,163.9mb,487,,,LGPD,4,,,,
False,,163.9mb,487,,,LGPD,4,,,,
False,,163.9mb,487,,,LGPD,3,,,,
False,,163.9mb,487,,,LGPD,3,,,,
False,,163.9mb,487,,,LGPD,3,,,,
False,,163.9mb,487,,,LGPD,3,,,,
False,,163.9mb,487,,,LGPD,4,,,,
False,,163.9mb,487,,,LGPD,5,,,,
False,,163.9mb,487,,,LGPD,4,,,,
False,,163.9mb,487,,,LGPD,4,,,,
False,,163.9mb,487,,,LGPD,4,,,,
False,,163.9mb,487,,,LGPD,5,,,,
False,,163.9mb,487,,,LGPD,5,,,,
False,,163.9mb,487,,,LGPD,5,,,,
False,,163.9mb,487,,,LGPD,3,,,,
False,,163.9mb,487,,,LGPD,4,,,,
False,,163.9mb,487,,,LGPD,4,,,,
False,,163.9mb,487,,,LGPD,5,,,,
False,,163.9mb,487,,,LGPD,4,,,,
False,,163.9mb,487,,,LGPD,5,,,,
False,,163.9mb,487,,,LGPD,4,,,,
False,,163.9mb,487,,,LGPD,4,,,,
False,,163.9mb,487,,,LGPD,3,,,,
False,,163.9mb,487,,,LGPD,5,,,,
False,,163.9mb,487,,,LGPD,4,,,,
False,,163.9mb,487,,,LGPD,5,,,,
False,,163.9mb,487,,,LGPD,5,,,,
False,,163.9mb,487,,,LGPD,3,,,,
False,,163.9mb,487,,,LGPD,3,,,,
False,,163.9mb,487,,,LGPD,4,,,,
False,,163.9mb,487,,,LGPD,3,,,,
False,,163.9mb,487,,,LGPD,4,,,,
False,,163.9mb,487,,,LGPD,4,,,,
False,,163.9mb,487,,,LGPD,3,,,,
False,,163.9mb,487,,,LGPD,4,,,,
False,,163.9mb,487,,,LGPD,3,,,,
False,,163.9mb,487,,,LGPD,5,,,,
False,,163.9mb,487,,,LGPD,5,,,,
False,,163.9mb,487,,,LGPD,8,,,,
False,,163.9mb,487,,,LGPD,4,,,,
False,,163.9mb,487,,,LGPD,3,,,,
False,,163.9mb,487,,,LGPD,3,,,,
False,,163.9mb,487,,,LGPD,3,,,,
False,,163.9mb,487,,,LGPD,3,,,,
False,,163.9mb,487,,,LGPD,3,,,,
False,,163.9mb,487,,,LGPD,4,,,,
False,,163.9mb,487,,,LGPD,4,,,,
False,,163.9mb,487,,,LGPD,3,,,,
False,,163.9mb,487,,,LGPD,3,,,,
False,,163.9mb,487,,,LGPD,3,,,,
False,,163.9mb,487,,,LGPD,3,,,,
False,,163.9mb,487,,,LGPD,3,,,,
False,,163.9mb,487,,,LGPD,4,,,,
False,,163.9mb,487,,,LGPD,6,,,,
False,,163.9mb,487,,,LGPD,4,,,,
False,,163.9mb,487,,,LGPD,4,,,,
False,,163.9mb,487,,,LGPD,4,,,,
False,,163.9mb,487,,,LGPD,4,,,,
False,,163.9mb,487,,,LGPD,3,,,,
False,,163.9mb,487,,,LGPD,4,,,,
False,,163.9mb,487,,,LGPD,4,,,,
False,,163.9mb,487,,,LGPD,3,,,,
False,,163.9mb,487,,,LGPD,3,,,,
False,,163.9mb,487,,,LGPD,3,,,,
False,,163.9mb,487,,,LGPD,3,,,,
False,,163.9mb,487,,,LGPD,3,,,,
False,,163.9mb,487,,,LGPD,4,,,,
False,,163.9mb,487,,,LGPD,4,,,,
False,,163.9mb,487,,,LGPD,3,,,,
False,,163.9mb,487,,,LGPD,3,,,,
False,,163.9mb,487,,,LGPD,3,,,,
False,,163.9mb,487,,,LGPD,4,,,,
False,,163.9mb,487,,,LGPD,3,,,,
False,,163.9mb,487,,,LGPD,3,,,,
False,,163.9mb,487,,,LGPD,3,,,,
False,,163.9mb,487,,,LGPD,3,,,,
False,,163.9mb,487,,,LGPD,4,,,,
False,,163.9mb,487,,,LGPD,4,,,,
False,,163.9mb,487,,,LGPD,4,,,,
False,,163.9mb,487,,,LGPD,3,,,,
False,,163.9mb,487,,,LGPD,4,,,,
False,,163.9mb,487,,,LGPD,3,,,,
False,,163.9mb,487,,,LGPD,3,,,,
False,,163.9mb,487,,,LGPD,3,,,,
False,,163.9mb,487,,,LGPD,3,,,,
False,,163.9mb,487,,,LGPD,3,,,,
False,,163.9mb,487,,,LGPD,3,,,,
False,,163.9mb,487,,,LGPD,3,,,,
False,,163.9mb,487,,,LGPD,3,,,,
False,,163.9mb,487,,,LGPD,3,,,,
False,,163.9mb,487,,,LGPD,3,,,,
False,,163.9mb,487,,,LGPD,3,,,,
False,,163.9mb,487,,,Política Nacional de Resíduos Sólidos,29,,,,
False,,163.9mb,487,,,Política Nacional de Resíduos Sólidos,7,,,,
False,,163.9mb,487,,,Política Nacional de Resíduos Sólidos,9,,,,
False,,163.9mb,487,,,Política Nacional de Resíduos Sólidos,7,,,,
False,,163.9mb,487,,,Política Nacional de Resíduos Sólidos,6,,,,
False,,163.9mb,487,,,Política Nacional de Resíduos Sólidos,7,,,,
False,,163.9mb,487,,,Política Nacional de Resíduos Sólidos,8,,,,
False,,163.9mb,487,,,Política Nacional de Resíduos Sólidos,7,,,,
False,,163.9mb,487,,,Política Nacional de Resíduos Sólidos,7,,,,
False,,163.9mb,487,,,Política Nacional de Resíduos Sólidos,10,,,,
False,,163.9mb,487,,,Política Nacional de Resíduos Sólidos,7,,,,
False,,163.9mb,487,,,Política Nacional de Resíduos Sólidos,7,,,,
False,,163.9mb,487,,,Política Nacional de Resíduos Sólidos,6,,,,
False,,163.9mb,487,,,Política Nacional de Resíduos Sólidos,6,,,,
False,,163.9mb,487,,,Política Nacional de Resíduos Sólidos,8,,,,
False,,163.9mb,487,,,Política Nacional de Resíduos Sólidos,6,,,,
False,,163.9mb,487,,,Política Nacional de Resíduos Sólidos,9,,,,
False,,163.9mb,487,,,Política Nacional de Resíduos Sólidos,8,,,,
False,,163.9mb,487,,,Política Nacional de Resíduos Sólidos,7,,,,
False,,163.9mb,487,,,Política Nacional de Resíduos Sólidos,10,,,,
False,,163.9mb,487,,,Política Nacional de Resíduos Sólidos,7,,,,
False,,163.9mb,487,,,Política Nacional de Resíduos Sólidos,7,,,,
False,,163.9mb,487,,,Política Nacional de Resíduos Sólidos,7,,,,
False,,163.9mb,487,,,Política Nacional de Resíduos Sólidos,7,,,,
False,,163.9mb,487,,,Política Nacional de Resíduos Sólidos,7,,,,
False,,163.9mb,487,,,Política Nacional de Resíduos Sólidos,6,,,,
False,,163.9mb,487,,,Política Nacional de Resíduos Sólidos,7,,,,
False,,163.9mb,487,,,Política Nacional de Resíduos Sólidos,6,,,,
False,,163.9mb,487,,,Política Nacional de Resíduos Sólidos,7,,,,
False,,163.9mb,487,,,Política Nacional de Resíduos Sólidos,7,,,,
False,,163.9mb,487,,,Política Nacional de Resíduos Sólidos,9,,,,
False,,163.9mb,487,,,Política Nacional de Resíduos Sólidos,7,,,,
False,,163.9mb,487,,,Política Nacional de Resíduos Sólidos,7,,,,
False,,163.9mb,487,,,Política Nacional de Resíduos Sólidos,8,,,,
False,,163.9mb,487,,,Política Nacional de Resíduos Sólidos,6,,,,
False,,163.9mb,487,,,Política Nacional de Resíduos Sólidos,9,,,,
False,,163.9mb,487,,,Política Nacional de Resíduos Sólidos,8,,,,
False,,163.9mb,487,,,Política Nacional de Resíduos Sólidos,8,,,,
False,,163.9mb,487,,,Política Nacional de Resíduos Sólidos,7,,,,
False,,163.9mb,487,,,Política Nacional de Resíduos Sólidos,7,,,,
False,,163.9mb,487,,,Política Nacional de Resíduos Sólidos,6,,,,
False,,163.9mb,487,,,Política Nacional de Resíduos Sólidos,7,,,,
False,,163.9mb,487,,,Política Nacional de Resíduos Sólidos,7,,,,
False,,163.9mb,487,,,Política Nacional de Resíduos Sólidos,9,,,,
False,,163.9mb,487,,,Política Nacional de Resíduos Sólidos,6,,,,
False,,163.9mb,487,,,Política Nacional de Resíduos Sólidos,9,,,,
False,,163.9mb,487,,,Política Nacional de Resíduos Sólidos,17,,,,
False,,163.9mb,487,,,Política Nacional de Resíduos Sólidos,11,,,,
False,,163.9mb,487,,,Política Nacional de Resíduos Sólidos,9,,,,
False,,163.9mb,487,,,Política Nacional de Resíduos Sólidos,9,,,,
False,,163.9mb,487,,,Política Nacional de Resíduos Sólidos,9,,,,
False,,163.9mb,487,,,Política Nacional de Resíduos Sólidos,13,,,,
False,,163.9mb,487,,,Política Nacional de Resíduos Sólidos,7,,,,
False,,163.9mb,487,,,Política Nacional de Resíduos Sólidos,7,,,,
False,,163.9mb,487,,,Política Nacional de Resíduos Sólidos,8,,,,
False,,163.9mb,487,,,Política Nacional de Resíduos Sólidos,7,,,,
False,,163.9mb,487,,,Política Nacional de Resíduos Sólidos,10,,,,
False,,163.9mb,487,,,Política Nacional de Resíduos Sólidos,6,,,,
False,,163.9mb,487,,,Política Nacional de Resíduos Sólidos,9,,,,
False,,163.9mb,487,,,Política Nacional de Resíduos Sólidos,10,,,,
False,,163.9mb,487,,,Política Nacional de Resíduos Sólidos,8,,,,
False,,163.9mb,487,,,Política Nacional de Resíduos Sólidos,8,,,,
False,,163.9mb,487,,,Política Nacional de Resíduos Sólidos,7,,,,
False,,163.9mb,487,,,Política Nacional de Resíduos Sólidos,6,,,,
False,,163.9mb,487,,,Política Nacional de Resíduos Sólidos,6,,,,
False,,163.9mb,487,,,Política Nacional de Resíduos Sólidos,7,,,,
False,,163.9mb,487,,,Política Nacional de Resíduos Sólidos,6,,,,
False,,163.9mb,487,,,Política Nacional de Resíduos Sólidos,6,,,,
False,,163.9mb,487,,,Política Nacional de Resíduos Sólidos,8,,,,
False,,163.9mb,487,,,Política Nacional de Resíduos Sólidos,6,,,,
False,,163.9mb,487,,,Política Nacional de Resíduos Sólidos,22,,,,
False,,163.9mb,487,,,Política Nacional de Resíduos Sólidos,9,,,,
False,,163.9mb,487,,,Política Nacional de Resíduos Sólidos,7,,,,
False,,163.9mb,487,,,Política Nacional de Resíduos Sólidos,7,,,,
False,,163.9mb,487,,,Política Nacional de Resíduos Sólidos,6,,,,
False,,163.9mb,487,,,Política Nacional de Resíduos Sólidos,6,,,,
False,,163.9mb,487,,,Política Nacional de Resíduos Sólidos,8,,,,
False,,163.9mb,487,,,Política Nacional de Resíduos Sólidos,7,,,,
False,,163.9mb,487,,,Política Nacional de Resíduos Sólidos,7,,,,
False,,163.9mb,487,,,Política Nacional de Resíduos Sólidos,6,,,,
False,,163.9mb,487,,,Política Nacional de Resíduos Sólidos,7,,,,
False,,163.9mb,487,,,Política Nacional de Resíduos Sólidos,6,,,,
False,,163.9mb,487,,,Política Nacional de Resíduos Sólidos,7,,,,
False,,163.9mb,487,,,Política Nacional de Resíduos Sólidos,6,,,,
False,,163.9mb,487,,,Política Nacional de Resíduos Sólidos,6,,,,
False,,163.9mb,487,,,Política Nacional de Resíduos Sólidos,7,,,,
False,,163.9mb,487,,,Política Nacional de Resíduos Sólidos,6,,,,
False,,163.9mb,487,,,Política Nacional de Resíduos Sólidos,7,,,,
False,,163.9mb,487,,,Política Nacional de Resíduos Sólidos,6,,,,
False,,163.9mb,487,,,Política Nacional de Resíduos Sólidos,8,,,,
False,,163.9mb,487,,,Política Nacional de Resíduos Sólidos,6,,,,
False,,163.9mb,487,,,Política Nacional de Resíduos Sólidos,6,,,,
False,,163.9mb,487,,,Política Nacional de Resíduos Sólidos,6,,,,
False,,163.9mb,487,,,Política Nacional de Resíduos Sólidos,6,,,,
False,,163.9mb,487,,,Política Nacional de Resíduos Sólidos,8,,,,
False,,163.9mb,487,,,Política Nacional de Resíduos Sólidos,7,,,,
False,,163.9mb,487,,,Política Nacional de Resíduos Sólidos,8,,,,
False,,163.9mb,487,,,Política Nacional de Resíduos Sólidos,9,,,,
False,,163.9mb,487,,,Política Nacional de Resíduos Sólidos,8,,,,
False,,163.9mb,487,,,Política Nacional de Resíduos Sólidos,7,,,,
False,,163.9mb,487,,,PNRS,1,,,,
False,,163.9mb,487,,,PNRS,1,,,,
False,,163.9mb,487,,,PNRS,1,,,,
False,,163.9mb,487,,,PNRS,1,,,,
False,,163.9mb,487,,,PNRS,1,,,,
False,,163.9mb,487,,,PNRS,0,,,,
False,,163.9mb,487,,,PNRS,0,,,,
False,,163.9mb,487,,,PNRS,0,,,,
False,,163.9mb,487,,,PNRS,0,,,,
False,,163.9mb,487,,,PNRS,0,,,,
False,,163.9mb,487,,,PNRS,0,,,,
False,,163.9mb,487,,,PNRS,0,,,,
False,,163.9mb,487,,,PNRS,0,,,,
False,,163.9mb,487,,,PNRS,0,,,,
False,,163.9mb,487,,,PNRS,0,,,,
False,,163.9mb,487,,,PNRS,0,,,,
False,,163.9mb,487,,,PNRS,0,,,,
False,,163.9mb,487,,,PNRS,0,,,,
False,,163.9mb,487,,,PNRS,0,,,,
False,,163.9mb,487,,,PNRS,0,,,,
False,,163.9mb,487,,,PNRS,0,,,,
False,,163.9mb,487,,,PNRS,0,,,,
False,,163.9mb,487,,,PNRS,0,,,,
False,,163.9mb,487,,,PNRS,0,,,,
False,,163.9mb,487,,,PNRS,0,,,,
False,,163.9mb,487,,,PNRS,0,,,,
False,,163.9mb,487,,,PNRS,0,,,,
False,,163.9mb,487,,,PNRS,0,,,,
False,,163.9mb,487,,,PNRS,0,,,,
False,,163.9mb,487,,,PNRS,0,,,,
False,,163.9mb,487,,,PNRS,1,,,,
False,,163.9mb,487,,,PNRS,0,,,,
False,,163.9mb,487,,,PNRS,0,,,,
False,,163.9mb,487,,,PNRS,9,,,,
False,,163.9mb,487,,,PNRS,0,,,,
False,,163.9mb,487,,,PNRS,0,,,,
False,,163.9mb,487,,,PNRS,0,,,,
False,,163.9mb,487,,,PNRS,0,,,,
False,,163.9mb,487,,,PNRS,0,,,,
False,,163.9mb,487,,,PNRS,0,,,,
False,,163.9mb,487,,,PNRS,0,,,,
False,,163.9mb,487,,,PNRS,0,,,,
False,,163.9mb,487,,,PNRS,0,,,,
False,,163.9mb,487,,,PNRS,0,,,,
False,,163.9mb,487,,,PNRS,0,,,,
False,,163.9mb,487,,,PNRS,0,,,,
False,,163.9mb,487,,,PNRS,0,,,,
False,,163.9mb,487,,,PNRS,0,,,,
False,,163.9mb,487,,,PNRS,1,,,,
False,,163.9mb,487,,,PNRS,0,,,,
False,,163.9mb,487,,,PNRS,0,,,,
False,,163.9mb,487,,,PNRS,0,,,,
False,,163.9mb,487,,,PNRS,1,,,,
False,,163.9mb,487,,,PNRS,0,,,,
False,,163.9mb,487,,,PNRS,0,,,,
False,,163.9mb,487,,,PNRS,0,,,,
False,,163.9mb,487,,,PNRS,0,,,,
False,,163.9mb,487,,,PNRS,0,,,,
False,,163.9mb,487,,,PNRS,0,,,,
False,,163.9mb,487,,,PNRS,0,,,,
False,,163.9mb,487,,,PNRS,0,,,,
False,,163.9mb,487,,,PNRS,0,,,,
False,,163.9mb,487,,,PNRS,0,,,,
False,,163.9mb,487,,,PNRS,0,,,,
False,,163.9mb,487,,,PNRS,0,,,,
False,,163.9mb,487,,,PNRS,0,,,,
False,,163.9mb,487,,,PNRS,0,,,,
False,,163.9mb,487,,,PNRS,0,,,,
False,,163.9mb,487,,,PNRS,0,,,,
False,,163.9mb,487,,,PNRS,1,,,,
False,,163.9mb,487,,,PNRS,0,,,,
False,,163.9mb,487,,,PNRS,0,,,,
False,,163.9mb,487,,,PNRS,0,,,,
False,,163.9mb,487,,,PNRS,0,,,,
False,,163.9mb,487,,,PNRS,0,,,,
False,,163.9mb,487,,,PNRS,0,,,,
False,,163.9mb,487,,,PNRS,0,,,,
False,,163.9mb,487,,,PNRS,1,,,,
False,,163.9mb,487,,,PNRS,0,,,,
False,,163.9mb,487,,,PNRS,0,,,,
False,,163.9mb,487,,,PNRS,1,,,,
False,,163.9mb,487,,,PNRS,0,,,,
False,,163.9mb,487,,,PNRS,0,,,,
False,,163.9mb,487,,,PNRS,1,,,,
False,,163.9mb,487,,,PNRS,0,,,,
False,,163.9mb,487,,,PNRS,0,,,,
False,,163.9mb,487,,,PNRS,0,,,,
False,,163.9mb,487,,,PNRS,0,,,,
False,,163.9mb,487,,,PNRS,0,,,,
False,,163.9mb,487,,,PNRS,0,,,,
False,,163.9mb,487,,,PNRS,1,,,,
False,,163.9mb,487,,,PNRS,0,,,,
False,,163.9mb,487,,,PNRS,4,,,,
False,,163.9mb,487,,,PNRS,0,,,,
False,,163.9mb,487,,,PNRS,0,,,,
False,,163.9mb,487,,,PNRS,0,,,,
False,,163.9mb,487,,,PNRS,0,,,,
False,,163.9mb,487,,,PNRS,0,,,,
False,,163.9mb,487,,,PNRS,0,,,,
False,,163.9mb,487,,,PNRS,0,,,,
